<?xml version="1.0"?>
<COLLADA xmlns="http://www.collada.org/2005/11/COLLADASchema" version="1.4.1">
  <asset>
    <contributor>
      <author>Assimp</author>
      <authoring_tool>Assimp Exporter</authoring_tool>
    </contributor>
    <created>2017-05-20T22:08:34</created>
    <modified>2017-05-20T22:08:34</modified>
    <unit name="meter" meter="1" />
    <up_axis>Y_UP</up_axis>
  </asset>
  <library_effects>
    <effect id="lambert10-fx" name="lambert10">
      <profile_COMMON>
        <technique sid="standard">
          <phong>
            <diffuse>
              <color sid="diffuse">1   1   1   1</color>
            </diffuse>
          </phong>
        </technique>
      </profile_COMMON>
    </effect>
  </library_effects>
  <library_materials>
    <material id="lambert10" name="lambert10">
      <instance_effect url="#lambert10-fx"/>
    </material>
  </library_materials>
  <library_geometries>
    <geometry id="meshId0" name="meshId0_name" >
      <mesh>
        <source id="meshId0-positions" name="meshId0-positions">
          <float_array id="meshId0-positions-array" count="4065"> -0.513547 -0.0851893 0.503407 -0.517645 -0.0851893 0.501259 -0.51195 -0.0902715 0.490391 -0.507852 -0.0902715 0.492539 -0.506255 -0.0851893 0.479524 -0.502157 -0.0851893 0.481671 -0.503896 -0.0729198 0.475022 -0.499798 -0.0729198 0.47717 -0.506255 -0.0606504 0.479524 -0.502157 -0.0606504 0.481671 -0.51195 -0.0555682 0.490391 -0.507852 -0.0555682 0.492539 -0.517645 -0.0606504 0.501259 -0.513547 -0.0606504 0.503407 -0.520004 -0.0729198 0.505761 -0.515906 -0.0729198 0.507908 -0.517645 -0.0851893 0.501259 -0.51434 -0.0779228 0.494881 -0.511979 -0.0800296 0.490376 -0.51195 -0.0902715 0.490391 -0.51195 -0.0902715 0.490391 -0.511979 -0.0800296 0.490376 -0.509619 -0.0779228 0.485871 -0.506255 -0.0851893 0.479524 -0.506255 -0.0851893 0.479524 -0.509619 -0.0779228 0.485871 -0.508641 -0.0728366 0.484005 -0.503896 -0.0729198 0.475022 -0.503896 -0.0729198 0.475022 -0.508641 -0.0728366 0.484005 -0.509619 -0.0677504 0.485871 -0.506255 -0.0606504 0.479524 -0.506255 -0.0606504 0.479524 -0.509619 -0.0677504 0.485871 -0.511979 -0.0656436 0.490376 -0.51195 -0.0555682 0.490391 -0.51195 -0.0555682 0.490391 -0.511979 -0.0656436 0.490376 -0.51434 -0.0677504 0.494881 -0.517645 -0.0606504 0.501259 -0.517645 -0.0606504 0.501259 -0.51434 -0.0677504 0.494881 -0.515318 -0.0728366 0.496747 -0.520004 -0.0729198 0.505761 -0.520004 -0.0729198 0.505761 -0.515318 -0.0728366 0.496747 -0.51434 -0.0779228 0.494881 -0.517645 -0.0851893 0.501259 -0.51434 -0.0779228 0.494881 -0.526949 -0.0779228 0.488274 -0.524589 -0.0800296 0.483769 -0.511979 -0.0800296 0.490376 -0.522228 -0.0779228 0.479263 -0.509619 -0.0779228 0.485871 -0.52125 -0.0728366 0.477397 -0.508641 -0.0728366 0.484005 -0.522228 -0.0677504 0.479263 -0.509619 -0.0677504 0.485871 -0.524589 -0.0656436 0.483769 -0.511979 -0.0656436 0.490376 -0.511979 -0.0656436 0.490376 -0.524589 -0.0656436 0.483769 -0.526949 -0.0677504 0.488274 -0.51434 -0.0677504 0.494881 -0.527927 -0.0728366 0.49014 -0.515318 -0.0728366 0.496747 -0.534845 -0.0748315 0.484136 -0.533523 -0.0765816 0.479087 -0.530123 -0.0748315 0.475126 -0.526637 -0.0706065 0.474574 -0.525107 -0.0663815 0.477755 -0.526429 -0.0646314 0.482804 -0.526429 -0.0646314 0.482804 -0.529828 -0.0663815 0.486765 -0.533314 -0.0706065 0.487317 -0.540074 -0.0629797 0.481396 -0.539579 -0.0629557 0.475913 -0.535352 -0.0629797 0.472386 -0.529869 -0.0630378 0.472881 -0.526343 -0.0630959 0.477107 -0.526837 -0.06312 0.48259 -0.526837 -0.06312 0.48259 -0.531064 -0.0630959 0.486117 -0.536547 -0.0630378 0.485623 -0.540584 -0.0324575 0.481129 -0.540089 -0.0324575 0.475646 -0.535862 -0.0324575 0.472119 -0.53038 -0.0324575 0.472613 -0.526853 -0.0324575 0.47684 -0.527348 -0.0324575 0.482323 -0.527348 -0.0324575 0.482323 -0.531574 -0.0324575 0.48585 -0.537057 -0.0324575 0.485356 -0.502157 0.0202744 0.481671 -0.506255 0.0202744 0.479524 -0.51195 0.0253565 0.490391 -0.507852 0.0253565 0.492539 -0.517645 0.0202744 0.501259 -0.513547 0.0202744 0.503407 -0.520004 0.00800488 0.505761 -0.515906 0.00800488 0.507908 -0.517645 -0.0042646 0.501259 -0.513547 -0.0042646 0.503407 -0.51195 -0.00934676 0.490391 -0.507852 -0.00934676 0.492539 -0.506255 -0.0042646 0.479524 -0.502157 -0.0042646 0.481671 -0.503896 0.00800488 0.475022 -0.499798 0.00800488 0.47717 -0.506255 0.0202744 0.479524 -0.509619 0.0130078 0.485871 -0.511979 0.0151147 0.490376 -0.51195 0.0253565 0.490391 -0.51195 0.0253565 0.490391 -0.511979 0.0151147 0.490376 -0.51434 0.0130078 0.494881 -0.517645 0.0202744 0.501259 -0.517645 0.0202744 0.501259 -0.51434 0.0130078 0.494881 -0.515318 0.00792161 0.496747 -0.520004 0.00800488 0.505761 -0.520004 0.00800488 0.505761 -0.515318 0.00792161 0.496747 -0.51434 0.0028354 0.494881 -0.517645 -0.0042646 0.501259 -0.517645 -0.0042646 0.501259 -0.51434 0.0028354 0.494881 -0.511979 0.000728654 0.490376 -0.51195 -0.00934676 0.490391 -0.51195 -0.00934676 0.490391 -0.511979 0.000728654 0.490376 -0.509619 0.0028354 0.485871 -0.506255 -0.0042646 0.479524 -0.506255 -0.0042646 0.479524 -0.509619 0.0028354 0.485871 -0.508641 0.00792161 0.484005 -0.503896 0.00800488 0.475022 -0.503896 0.00800488 0.475022 -0.508641 0.00792161 0.484005 -0.509619 0.0130078 0.485871 -0.506255 0.0202744 0.479524 -0.509619 0.0130078 0.485871 -0.522228 0.0130078 0.479263 -0.524589 0.0151147 0.483769 -0.511979 0.0151147 0.490376 -0.526949 0.0130078 0.488274 -0.51434 0.0130078 0.494881 -0.527927 0.00792161 0.49014 -0.515318 0.00792161 0.496747 -0.526949 0.0028354 0.488274 -0.51434 0.0028354 0.494881 -0.524589 0.000728654 0.483769 -0.511979 0.000728654 0.490376 -0.511979 0.000728654 0.490376 -0.524589 0.000728654 0.483769 -0.522228 0.0028354 0.479263 -0.509619 0.0028354 0.485871 -0.52125 0.00792161 0.477397 -0.508641 0.00792161 0.484005 -0.530123 0.00991659 0.475126 -0.533523 0.0116667 0.479087 -0.534845 0.00991659 0.484136 -0.533314 0.00569152 0.487317 -0.529828 0.00146652 0.486765 -0.526429 -0.00028354 0.482804 -0.526429 -0.00028354 0.482804 -0.525107 0.00146652 0.477755 -0.526637 0.00569152 0.474574 -0.535352 -0.00193526 0.472386 -0.539579 -0.00195927 0.475913 -0.540074 -0.00193526 0.481396 -0.536547 -0.00187715 0.485623 -0.531064 -0.00181904 0.486117 -0.526837 -0.00179494 0.48259 -0.526837 -0.00179494 0.48259 -0.526343 -0.00181904 0.477107 -0.529869 -0.00187715 0.472881 -0.223846 -0.528423 -0.0802956 -0.226644 -0.52607 -0.0678529 -0.219818 -0.515407 -0.0633868 -0.214972 -0.519482 -0.0849381 -0.226271 -0.535712 -0.0591874 -0.219171 -0.532106 -0.0483778 -0.223099 -0.547706 -0.0629646 -0.213677 -0.55288 -0.0549201 -0.223099 -0.547706 -0.0629646 -0.220301 -0.550059 -0.0754073 -0.208831 -0.556955 -0.0764714 -0.213677 -0.55288 -0.0549201 -0.220675 -0.540417 -0.0840728 -0.209478 -0.540256 -0.0914805 -0.208171 -0.50962 -0.0600511 -0.202575 -0.514326 -0.0849364 -0.207424 -0.528903 -0.0427202 -0.201081 -0.552891 -0.0502746 -0.195485 -0.557596 -0.0751599 -0.201081 -0.552891 -0.0502746 -0.196232 -0.538314 -0.0924909 -0.194825 -0.510261 -0.0587396 -0.189979 -0.514336 -0.0802909 -0.194178 -0.52696 -0.0437305 -0.188684 -0.547735 -0.0502729 -0.183838 -0.55181 -0.0718242 -0.188684 -0.547735 -0.0502729 -0.184485 -0.535111 -0.0868333 -0.183355 -0.517158 -0.0598037 -0.180557 -0.519511 -0.0722464 -0.182981 -0.526799 -0.0511382 -0.179809 -0.538793 -0.0549154 -0.177011 -0.541146 -0.0673581 -0.179809 -0.538793 -0.0549154 -0.177385 -0.531505 -0.0760236 -0.226821 -0.538754 -0.0722527 -0.176835 -0.528463 -0.0629583 -0.371992 0.409147 0.194209 -0.0234857 0.409147 0.194209 -0.0234857 0.427959 0.194209 -0.371992 0.427959 0.194209 -0.371992 0.427959 0.194209 -0.0234857 0.427959 0.194209 -0.0234857 0.427959 -0.245874 -0.371992 0.427959 -0.245874 -0.373202 0.423909 0.188314 -0.0222755 0.423909 0.188314 -0.0234857 0.409147 0.194209 -0.371992 0.409147 0.194209 -0.373202 0.423909 -0.245453 -0.0222755 0.423909 -0.245453 -0.405276 -0.550948 0.294806 -0.405276 0.278148 0.294806 -0.363656 0.278148 0.215381 -0.363656 -0.550948 0.215381 -0.405276 0.604323 0.294806 -0.379937 0.604323 0.308085 -0.338316 0.604323 0.22866 -0.363656 0.604323 0.215381 -0.405036 0.27913 0.304458 -0.405036 -0.535539 0.304458 -0.367717 -0.535539 0.233242 -0.367717 0.27913 0.233242 -0.379937 -0.550948 0.308085 -0.405276 -0.550948 0.294806 -0.363656 -0.550948 0.215381 -0.338316 -0.550948 0.22866 -0.363656 -0.550948 0.215381 -0.363656 0.278148 0.215381 -0.338316 0.278148 0.22866 -0.338316 -0.550948 0.22866 -0.497334 -0.550948 0.532115 -0.497334 0.278148 0.532115 -0.522673 0.278148 0.518836 -0.522673 -0.550948 0.518836 -0.379937 0.604323 0.308085 -0.383853 0.588914 0.315558 -0.346535 0.588914 0.244343 -0.338316 0.604323 0.22866 -0.338316 0.278148 0.22866 -0.346535 0.27913 0.244343 -0.346535 -0.535539 0.244343 -0.338316 -0.550948 0.22866 -0.383853 -0.535539 0.315558 -0.379937 -0.550948 0.308085 -0.497334 -0.550948 0.532115 -0.489116 -0.535539 0.516432 -0.489116 0.27913 0.516432 -0.497334 0.278148 0.532115 -0.383853 0.588914 0.315558 -0.405036 0.588914 0.304458 -0.367717 0.588914 0.233242 -0.346535 0.588914 0.244343 -0.346535 0.27913 0.244343 -0.367717 0.27913 0.233242 -0.367717 -0.535539 0.233242 -0.346535 -0.535539 0.244343 -0.346535 -0.535539 0.244343 -0.367717 -0.535539 0.233242 -0.405036 -0.535539 0.304458 -0.383853 -0.535539 0.315558 -0.489116 -0.535539 0.516432 -0.510299 -0.535539 0.505332 -0.510299 0.27913 0.505332 -0.489116 0.27913 0.516432 -0.497334 0.356531 0.532115 -0.497334 0.604323 0.532115 -0.522673 0.604323 0.518836 -0.522673 0.356531 0.518836 -0.489116 0.35555 0.516432 -0.489116 0.588914 0.516432 -0.497334 0.604323 0.532115 -0.497334 0.356531 0.532115 -0.510299 0.35555 0.505332 -0.510299 0.588914 0.505332 -0.489116 0.588914 0.516432 -0.489116 0.35555 0.516432 -0.405036 0.588914 0.304458 -0.405036 0.35555 0.304458 -0.367717 0.35555 0.233242 -0.367717 0.588914 0.233242 -0.346535 0.588914 0.244343 -0.367717 0.588914 0.233242 -0.367717 0.35555 0.233242 -0.346535 0.35555 0.244343 -0.346535 0.35555 0.244343 -0.338316 0.356531 0.22866 -0.363656 0.356531 0.215381 -0.363656 0.604323 0.215381 -0.338316 0.604323 0.22866 -0.338316 0.356531 0.22866 -0.405276 0.356531 0.294806 -0.405276 0.604323 0.294806 -0.363656 0.604323 0.215381 -0.363656 0.356531 0.215381 -0.497334 0.340855 0.532115 -0.522673 0.340855 0.518836 -0.489116 0.340266 0.516432 -0.497334 0.340855 0.532115 -0.510299 0.340266 0.505332 -0.489116 0.340266 0.516432 -0.405036 0.340266 0.304458 -0.367717 0.340266 0.233242 -0.367717 0.340266 0.233242 -0.346535 0.340266 0.244343 -0.346535 0.340266 0.244343 -0.338316 0.340855 0.22866 -0.363656 0.340855 0.215381 -0.338316 0.340855 0.22866 -0.405276 0.340855 0.294806 -0.363656 0.340855 0.215381 -0.497334 0.325178 0.532115 -0.522673 0.325178 0.518836 -0.489116 0.324982 0.516432 -0.497334 0.325178 0.532115 -0.510299 0.324982 0.505332 -0.489116 0.324982 0.516432 -0.405036 0.324982 0.304458 -0.367717 0.324982 0.233242 -0.367717 0.324982 0.233242 -0.346535 0.324982 0.244343 -0.346535 0.324982 0.244343 -0.338316 0.325178 0.22866 -0.363656 0.325178 0.215381 -0.338316 0.325178 0.22866 -0.363656 0.325178 0.215381 -0.405276 0.325178 0.294806 -0.497334 0.309502 0.532115 -0.522673 0.309502 0.518836 -0.489116 0.309698 0.516432 -0.497334 0.309502 0.532115 -0.510299 0.309698 0.505332 -0.489116 0.309698 0.516432 -0.405036 0.309698 0.304458 -0.367717 0.309698 0.233242 -0.367717 0.309698 0.233242 -0.346535 0.309698 0.244343 -0.346535 0.309698 0.244343 -0.338316 0.309502 0.22866 -0.363656 0.309502 0.215381 -0.338316 0.309502 0.22866 -0.405276 0.309502 0.294806 -0.363656 0.309502 0.215381 -0.497334 0.293825 0.532115 -0.522673 0.293825 0.518836 -0.489116 0.294414 0.516432 -0.497334 0.293825 0.532115 -0.510299 0.294414 0.505332 -0.489116 0.294414 0.516432 -0.405036 0.294414 0.304458 -0.367717 0.294414 0.233242 -0.367717 0.294414 0.233242 -0.346535 0.294414 0.244343 -0.346535 0.294414 0.244343 -0.338316 0.293825 0.22866 -0.363656 0.293825 0.215381 -0.338316 0.293825 0.22866 -0.405276 0.293825 0.294806 -0.363656 0.293825 0.215381 -0.522673 0.309502 0.518836 -0.522673 0.325178 0.518836 -0.481053 0.325178 0.439411 -0.481053 0.309502 0.439411 -0.522673 0.293825 0.518836 -0.481053 0.293825 0.439411 -0.522673 0.278148 0.518836 -0.481053 0.278148 0.439411 -0.522673 -0.550948 0.518836 -0.481053 -0.550948 0.439411 -0.497334 -0.550948 0.532115 -0.522673 -0.550948 0.518836 -0.481053 -0.550948 0.439411 -0.455713 -0.550948 0.45269 -0.451797 -0.535539 0.445216 -0.455713 -0.550948 0.45269 -0.47298 -0.535539 0.434116 -0.510299 -0.535539 0.505332 -0.489116 -0.535539 0.516432 -0.451797 -0.535539 0.445216 -0.510299 0.27913 0.505332 -0.510299 -0.535539 0.505332 -0.47298 -0.535539 0.434116 -0.47298 0.27913 0.434116 -0.510299 0.294414 0.505332 -0.47298 0.294414 0.434116 -0.510299 0.309698 0.505332 -0.47298 0.309698 0.434116 -0.510299 0.324982 0.505332 -0.47298 0.324982 0.434116 -0.510299 0.340266 0.505332 -0.47298 0.340266 0.434116 -0.510299 0.35555 0.505332 -0.47298 0.35555 0.434116 -0.510299 0.588914 0.505332 -0.47298 0.588914 0.434116 -0.489116 0.588914 0.516432 -0.510299 0.588914 0.505332 -0.47298 0.588914 0.434116 -0.451797 0.588914 0.445216 -0.451797 0.588914 0.445216 -0.455713 0.604323 0.45269 -0.522673 0.604323 0.518836 -0.497334 0.604323 0.532115 -0.455713 0.604323 0.45269 -0.481053 0.604323 0.439411 -0.522673 0.356531 0.518836 -0.522673 0.604323 0.518836 -0.481053 0.604323 0.439411 -0.481053 0.356531 0.439411 -0.522673 0.340855 0.518836 -0.481053 0.340855 0.439411 -0.481053 0.309502 0.439411 -0.472337 0.311852 0.427833 -0.409836 0.311852 0.308562 -0.405276 0.309502 0.294806 -0.409836 0.311852 0.308562 -0.409836 0.322829 0.308562 -0.405276 0.325178 0.294806 -0.409836 0.322829 0.308562 -0.472337 0.322829 0.427833 -0.481053 0.325178 0.439411 -0.472337 0.322829 0.427833 -0.472337 0.311852 0.427833 -0.481053 0.278148 0.439411 -0.472337 0.280891 0.427833 -0.409836 0.280891 0.308562 -0.405276 0.278148 0.294806 -0.409836 0.280891 0.308562 -0.409836 0.291868 0.308562 -0.405276 0.293825 0.294806 -0.409836 0.291868 0.308562 -0.472337 0.291868 0.427833 -0.481053 0.293825 0.439411 -0.472337 0.291868 0.427833 -0.472337 0.280891 0.427833 -0.47298 0.294414 0.434116 -0.472337 0.291868 0.427833 -0.409836 0.291868 0.308562 -0.405036 0.294414 0.304458 -0.409836 0.291868 0.308562 -0.409836 0.280891 0.308562 -0.405036 0.27913 0.304458 -0.409836 0.280891 0.308562 -0.472337 0.280891 0.427833 -0.47298 0.27913 0.434116 -0.472337 0.280891 0.427833 -0.472337 0.291868 0.427833 -0.47298 0.324982 0.434116 -0.472337 0.322829 0.427833 -0.409836 0.322829 0.308562 -0.405036 0.324982 0.304458 -0.409836 0.322829 0.308562 -0.409836 0.311852 0.308562 -0.405036 0.309698 0.304458 -0.409836 0.311852 0.308562 -0.472337 0.311852 0.427833 -0.47298 0.309698 0.434116 -0.472337 0.311852 0.427833 -0.472337 0.322829 0.427833 -0.47298 0.35555 0.434116 -0.472337 0.353789 0.427834 -0.409836 0.353789 0.308562 -0.405036 0.35555 0.304458 -0.409836 0.353789 0.308562 -0.409836 0.342812 0.308562 -0.405036 0.340266 0.304458 -0.409836 0.342812 0.308562 -0.472337 0.342812 0.427834 -0.47298 0.340266 0.434116 -0.472337 0.342812 0.427834 -0.472337 0.353789 0.427834 -0.481053 0.340855 0.439411 -0.472337 0.342812 0.427834 -0.409836 0.342812 0.308562 -0.405276 0.340855 0.294806 -0.409836 0.342812 0.308562 -0.409836 0.353789 0.308562 -0.405276 0.356531 0.294806 -0.409836 0.353789 0.308562 -0.472337 0.353789 0.427834 -0.481053 0.356531 0.439411 -0.472337 0.353789 0.427834 -0.472337 0.342812 0.427834 0.951057 -0.62947 -0.309017 0.809017 -0.62947 -0.587785 0.587785 -0.62947 -0.809017 0.309017 -0.62947 -0.951057 5.90545e-08 -0.62947 -1 -0.309017 -0.62947 -0.951056 -0.587785 -0.62947 -0.809017 -0.809017 -0.62947 -0.587785 -0.951056 -0.62947 -0.309017 -1 -0.62947 1.27951e-07 -0.951056 -0.62947 0.309017 -0.809017 -0.62947 0.587785 -0.587785 -0.62947 0.809017 -0.309017 -0.62947 0.951057 2.95273e-08 -0.62947 1 0.309017 -0.62947 0.951056 0.587785 -0.62947 0.809017 0.809017 -0.62947 0.587785 0.951056 -0.62947 0.309017 1 -0.62947 1.27951e-07 -0.367938 0.337258 -0.0108042 -0.0214928 0.337258 -0.0108042 -0.0214928 0.345629 -0.00243228 -0.367938 0.345629 -0.00243228 -0.367938 0.345629 -0.00243228 -0.0214928 0.345629 -0.00243228 -0.0214928 0.354001 -0.0108042 -0.367938 0.354001 -0.0108042 -0.367938 0.354001 -0.0108042 -0.0214928 0.354001 -0.0108042 -0.0214928 0.345629 -0.0191761 -0.367938 0.345629 -0.0191761 -0.367938 0.345629 -0.0191761 -0.0214928 0.345629 -0.0191761 -0.0214928 0.337258 -0.0108042 -0.367938 0.337258 -0.0108042 0.0146953 -0.205356 0.194209 0.363201 -0.205356 0.194209 0.363201 -0.186544 0.194209 0.0146953 -0.186544 0.194209 0.0146953 -0.186544 0.194209 0.363201 -0.186544 0.194209 0.363201 -0.186544 -0.245874 0.0146953 -0.186544 -0.245874 0.0134851 -0.190594 0.188314 0.364412 -0.190594 0.188314 0.363201 -0.205356 0.194209 0.0146953 -0.205356 0.194209 0.0134851 -0.190594 -0.245453 0.364412 -0.190594 -0.245453 0.0146953 0.409147 0.194209 0.363201 0.409147 0.194209 0.363201 0.427959 0.194209 0.0146953 0.427959 0.194209 0.0146953 0.427959 0.194209 0.363201 0.427959 0.194209 0.363201 0.427959 -0.245874 0.0146953 0.427959 -0.245874 0.0134851 0.423909 0.188314 0.364412 0.423909 0.188314 0.363201 0.409147 0.194209 0.0146953 0.409147 0.194209 0.0134851 0.423909 -0.245453 0.364412 0.423909 -0.245453 0.393832 -0.631103 -0.222824 0.393697 -0.577324 -0.222824 0.3351 -0.577324 -0.222824 0.350509 -0.631103 -0.222824 0.393697 -0.577324 -0.266148 0.393832 -0.631103 -0.266148 0.350509 -0.631103 -0.266148 0.3351 -0.577324 -0.266148 0.393832 -0.631103 -0.266148 0.393832 -0.631103 -0.222824 0.350509 -0.631103 -0.222824 0.350509 -0.631103 -0.266148 0.350509 -0.631103 -0.222824 0.3351 -0.577324 -0.222824 0.3351 -0.577324 -0.266148 0.350509 -0.631103 -0.266148 0.393832 -0.631103 -0.266148 0.393697 -0.577324 -0.266148 0.393697 -0.577324 -0.222824 0.393832 -0.631103 -0.222824 -0.308096 -0.08002 -0.234556 -0.0572012 -0.0695939 -0.234556 -0.0727246 0.303961 -0.234556 -0.32362 0.293535 -0.234556 0.0146953 0.102232 0.194209 0.363201 0.102232 0.194209 0.363201 0.121045 0.194209 0.0146953 0.121045 0.194209 0.0146953 0.121045 0.194209 0.363201 0.121045 0.194209 0.363201 0.121045 -0.245874 0.0146953 0.121045 -0.245874 0.0134851 0.116994 0.188314 0.364412 0.116994 0.188314 0.363201 0.102232 0.194209 0.0146953 0.102232 0.194209 0.0134851 0.116994 -0.245453 0.364412 0.116994 -0.245453 0.271701 -0.550948 0.210403 0.361371 -0.550948 0.210403 0.361371 0.278148 0.210403 0.271701 0.278148 0.210403 0.271701 0.604323 0.210403 0.361371 0.604323 0.210403 0.361371 0.604323 0.181795 0.271701 0.604323 0.181795 0.263264 0.27913 0.20571 0.343665 0.27913 0.20571 0.343665 -0.535539 0.20571 0.263264 -0.535539 0.20571 0.271701 -0.550948 0.181795 0.361371 -0.550948 0.181795 0.361371 -0.550948 0.210403 0.271701 -0.550948 0.210403 0.361371 -0.550948 0.210403 0.361371 -0.550948 0.181795 0.361371 0.278148 0.181795 0.361371 0.278148 0.210403 0.0187753 -0.550948 0.181795 0.0187753 -0.550948 0.210403 0.0187753 0.278148 0.210403 0.0187753 0.278148 0.181795 0.271701 0.604323 0.181795 0.361371 0.604323 0.181795 0.343665 0.588914 0.181795 0.263264 0.588914 0.181795 0.361371 0.278148 0.181795 0.361371 -0.550948 0.181795 0.343665 -0.535539 0.181795 0.343665 0.27913 0.181795 0.271701 -0.550948 0.181795 0.263264 -0.535539 0.181795 0.0187753 -0.550948 0.181795 0.0187753 0.278148 0.181795 0.0364809 0.27913 0.181795 0.0364809 -0.535539 0.181795 0.263264 0.588914 0.181795 0.343665 0.588914 0.181795 0.343665 0.588914 0.20571 0.263264 0.588914 0.20571 0.343665 0.27913 0.181795 0.343665 -0.535539 0.181795 0.343665 -0.535539 0.20571 0.343665 0.27913 0.20571 0.343665 -0.535539 0.181795 0.263264 -0.535539 0.181795 0.263264 -0.535539 0.20571 0.343665 -0.535539 0.20571 0.0364809 -0.535539 0.181795 0.0364809 0.27913 0.181795 0.0364809 0.27913 0.20571 0.0364809 -0.535539 0.20571 0.0187753 0.356531 0.181795 0.0187753 0.356531 0.210403 0.0187753 0.604323 0.210403 0.0187753 0.604323 0.181795 0.0364809 0.35555 0.181795 0.0187753 0.356531 0.181795 0.0187753 0.604323 0.181795 0.0364809 0.588914 0.181795 0.0364809 0.35555 0.20571 0.0364809 0.35555 0.181795 0.0364809 0.588914 0.181795 0.0364809 0.588914 0.20571 0.263264 0.588914 0.20571 0.343665 0.588914 0.20571 0.343665 0.35555 0.20571 0.263264 0.35555 0.20571 0.343665 0.588914 0.181795 0.343665 0.35555 0.181795 0.343665 0.35555 0.20571 0.343665 0.588914 0.20571 0.361371 0.356531 0.181795 0.343665 0.35555 0.181795 0.361371 0.356531 0.210403 0.361371 0.356531 0.181795 0.361371 0.604323 0.181795 0.361371 0.604323 0.210403 0.271701 0.356531 0.210403 0.361371 0.356531 0.210403 0.361371 0.604323 0.210403 0.271701 0.604323 0.210403 0.0187753 0.340855 0.181795 0.0187753 0.340855 0.210403 0.0364809 0.340266 0.181795 0.0187753 0.340855 0.181795 0.0364809 0.340266 0.20571 0.0364809 0.340266 0.181795 0.343665 0.340266 0.20571 0.263264 0.340266 0.20571 0.343665 0.340266 0.181795 0.343665 0.340266 0.20571 0.361371 0.340855 0.181795 0.343665 0.340266 0.181795 0.361371 0.340855 0.210403 0.361371 0.340855 0.181795 0.271701 0.340855 0.210403 0.361371 0.340855 0.210403 0.0187753 0.325178 0.181795 0.0187753 0.325178 0.210403 0.0364809 0.324982 0.181795 0.0187753 0.325178 0.181795 0.0364809 0.324982 0.20571 0.0364809 0.324982 0.181795 0.343665 0.324982 0.20571 0.263264 0.324982 0.20571 0.343665 0.324982 0.181795 0.343665 0.324982 0.20571 0.361371 0.325178 0.181795 0.343665 0.324982 0.181795 0.361371 0.325178 0.210403 0.361371 0.325178 0.181795 0.271701 0.325178 0.210403 0.361371 0.325178 0.210403 0.0187753 0.309502 0.181795 0.0187753 0.309502 0.210403 0.0364809 0.309698 0.181795 0.0187753 0.309502 0.181795 0.0364809 0.309698 0.20571 0.0364809 0.309698 0.181795 0.343665 0.309698 0.20571 0.263264 0.309698 0.20571 0.343665 0.309698 0.181795 0.343665 0.309698 0.20571 0.361371 0.309502 0.181795 0.343665 0.309698 0.181795 0.361371 0.309502 0.210403 0.361371 0.309502 0.181795 0.271701 0.309502 0.210403 0.361371 0.309502 0.210403 0.0187753 0.293825 0.181795 0.0187753 0.293825 0.210403 0.0364809 0.294414 0.181795 0.0187753 0.293825 0.181795 0.0364809 0.294414 0.20571 0.0364809 0.294414 0.181795 0.343665 0.294414 0.20571 0.263264 0.294414 0.20571 0.343665 0.294414 0.181795 0.343665 0.294414 0.20571 0.361371 0.293825 0.181795 0.343665 0.294414 0.181795 0.361371 0.293825 0.210403 0.361371 0.293825 0.181795 0.271701 0.293825 0.210403 0.361371 0.293825 0.210403 0.0187753 0.309502 0.210403 0.108445 0.309502 0.210403 0.108445 0.325178 0.210403 0.0187753 0.325178 0.210403 0.0187753 0.293825 0.210403 0.108445 0.293825 0.210403 0.0187753 0.278148 0.210403 0.108445 0.278148 0.210403 0.0187753 -0.550948 0.210403 0.108445 -0.550948 0.210403 0.0187753 -0.550948 0.181795 0.108445 -0.550948 0.181795 0.108445 -0.550948 0.210403 0.0187753 -0.550948 0.210403 0.116882 -0.535539 0.181795 0.108445 -0.550948 0.181795 0.116882 -0.535539 0.20571 0.116882 -0.535539 0.181795 0.0364809 -0.535539 0.181795 0.0364809 -0.535539 0.20571 0.0364809 0.27913 0.20571 0.116882 0.27913 0.20571 0.116882 -0.535539 0.20571 0.0364809 -0.535539 0.20571 0.0364809 0.294414 0.20571 0.116882 0.294414 0.20571 0.0364809 0.309698 0.20571 0.116882 0.309698 0.20571 0.0364809 0.324982 0.20571 0.116882 0.324982 0.20571 0.0364809 0.340266 0.20571 0.116882 0.340266 0.20571 0.0364809 0.35555 0.20571 0.116882 0.35555 0.20571 0.0364809 0.588914 0.20571 0.116882 0.588914 0.20571 0.0364809 0.588914 0.181795 0.116882 0.588914 0.181795 0.116882 0.588914 0.20571 0.0364809 0.588914 0.20571 0.108445 0.604323 0.181795 0.116882 0.588914 0.181795 0.0187753 0.604323 0.210403 0.108445 0.604323 0.210403 0.108445 0.604323 0.181795 0.0187753 0.604323 0.181795 0.0187753 0.356531 0.210403 0.108445 0.356531 0.210403 0.108445 0.604323 0.210403 0.0187753 0.604323 0.210403 0.0187753 0.340855 0.210403 0.108445 0.340855 0.210403 0.108445 0.309502 0.210403 0.271701 0.309502 0.210403 0.2574 0.311852 0.208057 0.122745 0.311852 0.208057 0.2574 0.322829 0.208057 0.2574 0.311852 0.208057 0.271701 0.325178 0.210403 0.108445 0.325178 0.210403 0.122745 0.322829 0.208057 0.2574 0.322829 0.208057 0.122745 0.311852 0.208057 0.122745 0.322829 0.208057 0.108445 0.278148 0.210403 0.271701 0.278148 0.210403 0.2574 0.280891 0.208057 0.122745 0.280891 0.208057 0.2574 0.291868 0.208057 0.2574 0.280891 0.208057 0.271701 0.293825 0.210403 0.108445 0.293825 0.210403 0.122745 0.291868 0.208057 0.2574 0.291868 0.208057 0.122745 0.280891 0.208057 0.122745 0.291868 0.208057 0.116882 0.294414 0.20571 0.263264 0.294414 0.20571 0.2574 0.291868 0.208057 0.122745 0.291868 0.208057 0.2574 0.280891 0.208057 0.2574 0.291868 0.208057 0.263264 0.27913 0.20571 0.116882 0.27913 0.20571 0.122745 0.280891 0.208057 0.2574 0.280891 0.208057 0.122745 0.291868 0.208057 0.122745 0.280891 0.208057 0.116882 0.324982 0.20571 0.263264 0.324982 0.20571 0.2574 0.322829 0.208057 0.122745 0.322829 0.208057 0.2574 0.311852 0.208057 0.2574 0.322829 0.208057 0.263264 0.309698 0.20571 0.116882 0.309698 0.20571 0.122745 0.311852 0.208057 0.2574 0.311852 0.208057 0.122745 0.322829 0.208057 0.122745 0.311852 0.208057 0.116882 0.35555 0.20571 0.263264 0.35555 0.20571 0.2574 0.353789 0.208057 0.122745 0.353789 0.208057 0.2574 0.342812 0.208057 0.2574 0.353789 0.208057 0.263264 0.340266 0.20571 0.116882 0.340266 0.20571 0.122745 0.342812 0.208057 0.2574 0.342812 0.208057 0.122745 0.353789 0.208057 0.122745 0.342812 0.208057 0.108445 0.340855 0.210403 0.271701 0.340855 0.210403 0.2574 0.342812 0.208057 0.122745 0.342812 0.208057 0.2574 0.353789 0.208057 0.2574 0.342812 0.208057 0.271701 0.356531 0.210403 0.108445 0.356531 0.210403 0.122745 0.353789 0.208057 0.2574 0.353789 0.208057 0.122745 0.342812 0.208057 0.122745 0.353789 0.208057 0.0366783 -0.0851893 0.209481 0.0489478 -0.0902715 0.209481 0.0489478 -0.0902715 0.214108 0.0366783 -0.0851893 0.214108 0.0612172 -0.0851893 0.209481 0.0612172 -0.0851893 0.214108 0.0662994 -0.0729198 0.209481 0.0662994 -0.0729198 0.214108 0.0612172 -0.0606504 0.209481 0.0612172 -0.0606504 0.214108 0.0489478 -0.0555682 0.209481 0.0489478 -0.0555682 0.214108 0.0366783 -0.0606504 0.209481 0.0366783 -0.0606504 0.214108 0.0315961 -0.0729198 0.209481 0.0315961 -0.0729198 0.214108 0.0366783 -0.0851893 0.214108 0.0489478 -0.0902715 0.214108 0.0489478 -0.0800296 0.214141 0.0438616 -0.0779228 0.214141 0.0489478 -0.0902715 0.214108 0.0612172 -0.0851893 0.214108 0.054034 -0.0779228 0.214141 0.0489478 -0.0800296 0.214141 0.0612172 -0.0851893 0.214108 0.0662994 -0.0729198 0.214108 0.0561408 -0.0728366 0.214141 0.054034 -0.0779228 0.214141 0.0662994 -0.0729198 0.214108 0.0612172 -0.0606504 0.214108 0.054034 -0.0677504 0.214141 0.0561408 -0.0728366 0.214141 0.0612172 -0.0606504 0.214108 0.0489478 -0.0555682 0.214108 0.0489478 -0.0656436 0.214141 0.054034 -0.0677504 0.214141 0.0489478 -0.0555682 0.214108 0.0366783 -0.0606504 0.214108 0.0438616 -0.0677504 0.214141 0.0489478 -0.0656436 0.214141 0.0366783 -0.0606504 0.214108 0.0315961 -0.0729198 0.214108 0.0417548 -0.0728366 0.214141 0.0438616 -0.0677504 0.214141 0.0315961 -0.0729198 0.214108 0.0366783 -0.0851893 0.214108 0.0438616 -0.0779228 0.214141 0.0417548 -0.0728366 0.214141 0.0438616 -0.0779228 0.214141 0.0489478 -0.0800296 0.214141 0.0489478 -0.0800296 0.228376 0.0438616 -0.0779228 0.228376 0.054034 -0.0779228 0.214141 0.054034 -0.0779228 0.228376 0.0561408 -0.0728366 0.214141 0.0561408 -0.0728366 0.228376 0.054034 -0.0677504 0.214141 0.054034 -0.0677504 0.228376 0.0489478 -0.0656436 0.214141 0.0489478 -0.0656436 0.228376 0.0489478 -0.0656436 0.214141 0.0438616 -0.0677504 0.214141 0.0438616 -0.0677504 0.228376 0.0489478 -0.0656436 0.228376 0.0417548 -0.0728366 0.214141 0.0417548 -0.0728366 0.228376 0.0489478 -0.0765816 0.238463 0.0438616 -0.0748315 0.23729 0.054034 -0.0748315 0.23729 0.0561408 -0.0706065 0.234458 0.054034 -0.0663815 0.231627 0.0489478 -0.0646314 0.230454 0.0438616 -0.0663815 0.231627 0.0489478 -0.0646314 0.230454 0.0417548 -0.0706065 0.234458 0.0489478 -0.0629557 0.2453 0.0438616 -0.0629797 0.243193 0.054034 -0.0629797 0.243193 0.0561408 -0.0630378 0.238108 0.054034 -0.0630959 0.233022 0.0489478 -0.06312 0.230915 0.0438616 -0.0630959 0.233022 0.0489478 -0.06312 0.230915 0.0417548 -0.0630378 0.238108 0.0489478 -0.0324575 0.245876 0.0438616 -0.0324575 0.243769 0.054034 -0.0324575 0.243769 0.0561408 -0.0324575 0.238684 0.054034 -0.0324575 0.233598 0.0489478 -0.0324575 0.231491 0.0438616 -0.0324575 0.233598 0.0489478 -0.0324575 0.231491 0.0417548 -0.0324575 0.238684 0.0612172 0.0202744 0.209481 0.0489478 0.0253565 0.209481 0.0489478 0.0253565 0.214108 0.0612172 0.0202744 0.214108 0.0366783 0.0202744 0.209481 0.0366783 0.0202744 0.214108 0.0315961 0.00800488 0.209481 0.0315961 0.00800488 0.214108 0.0366783 -0.0042646 0.209481 0.0366783 -0.0042646 0.214108 0.0489478 -0.00934676 0.209481 0.0489478 -0.00934676 0.214108 0.0612172 -0.0042646 0.209481 0.0612172 -0.0042646 0.214108 0.0662994 0.00800488 0.209481 0.0662994 0.00800488 0.214108 0.0612172 0.0202744 0.214108 0.0489478 0.0253565 0.214108 0.0489478 0.0151147 0.214141 0.054034 0.0130078 0.214141 0.0489478 0.0253565 0.214108 0.0366783 0.0202744 0.214108 0.0438616 0.0130078 0.214141 0.0489478 0.0151147 0.214141 0.0366783 0.0202744 0.214108 0.0315961 0.00800488 0.214108 0.0417548 0.00792161 0.214141 0.0438616 0.0130078 0.214141 0.0315961 0.00800488 0.214108 0.0366783 -0.0042646 0.214108 0.0438616 0.0028354 0.214141 0.0417548 0.00792161 0.214141 0.0366783 -0.0042646 0.214108 0.0489478 -0.00934676 0.214108 0.0489478 0.000728654 0.214141 0.0438616 0.0028354 0.214141 0.0489478 -0.00934676 0.214108 0.0612172 -0.0042646 0.214108 0.054034 0.0028354 0.214141 0.0489478 0.000728654 0.214141 0.0612172 -0.0042646 0.214108 0.0662994 0.00800488 0.214108 0.0561408 0.00792161 0.214141 0.054034 0.0028354 0.214141 0.0662994 0.00800488 0.214108 0.0612172 0.0202744 0.214108 0.054034 0.0130078 0.214141 0.0561408 0.00792161 0.214141 0.054034 0.0130078 0.214141 0.0489478 0.0151147 0.214141 0.0489478 0.0151147 0.228376 0.054034 0.0130078 0.228376 0.0438616 0.0130078 0.214141 0.0438616 0.0130078 0.228376 0.0417548 0.00792161 0.214141 0.0417548 0.00792161 0.228376 0.0438616 0.0028354 0.214141 0.0438616 0.0028354 0.228376 0.0489478 0.000728654 0.214141 0.0489478 0.000728654 0.228376 0.0489478 0.000728654 0.214141 0.054034 0.0028354 0.214141 0.054034 0.0028354 0.228376 0.0489478 0.000728654 0.228376 0.0561408 0.00792161 0.214141 0.0561408 0.00792161 0.228376 0.0489478 0.0116667 0.238463 0.054034 0.00991659 0.23729 0.0438616 0.00991659 0.23729 0.0417548 0.00569152 0.234458 0.0438616 0.00146652 0.231627 0.0489478 -0.00028354 0.230454 0.054034 0.00146652 0.231627 0.0489478 -0.00028354 0.230454 0.0561408 0.00569152 0.234458 0.0489478 -0.00195927 0.2453 0.054034 -0.00193526 0.243193 0.0438616 -0.00193526 0.243193 0.0417548 -0.00187715 0.238108 0.0438616 -0.00181904 0.233022 0.0489478 -0.00179494 0.230915 0.054034 -0.00181904 0.233022 0.0489478 -0.00179494 0.230915 0.0561408 -0.00187715 0.238108 -0.0602192 -0.528414 -0.0793468 -0.0689915 -0.532144 -0.0746546 -0.0657814 -0.53716 -0.0689601 -0.0543252 -0.532288 -0.0750878 -0.0774266 -0.537748 -0.0778682 -0.0767971 -0.544479 -0.0731568 -0.0805831 -0.541944 -0.087105 -0.0809193 -0.549958 -0.0852195 -0.0805831 -0.541944 -0.087105 -0.0766121 -0.542273 -0.0969543 -0.0757335 -0.550387 -0.0980822 -0.0809193 -0.549958 -0.0852195 -0.0678398 -0.538543 -0.101646 -0.0642773 -0.545516 -0.10421 -0.0594047 -0.532938 -0.0984329 -0.0532616 -0.538197 -0.100013 -0.0562482 -0.528743 -0.089196 -0.0491393 -0.532718 -0.0879504 -0.352456 -0.0310547 -0.2101 -0.346486 -0.028516 -0.213294 -0.352064 -0.0332322 -0.219285 -0.358197 -0.0348689 -0.212287 -0.360345 -0.0377243 -0.218574 -0.357643 -0.0379483 -0.225277 -0.351673 -0.0354096 -0.22847 -0.345932 -0.0315954 -0.226283 -0.343783 -0.02874 -0.219997 -0.0534132 -0.540462 -0.0762003 -0.0621856 -0.544192 -0.0715081 -0.0616098 -0.547391 -0.085004 -0.0706206 -0.549796 -0.0747217 -0.0737772 -0.553992 -0.0839585 -0.0698062 -0.554321 -0.0938078 -0.0610339 -0.55059 -0.0985 -0.0525988 -0.544986 -0.0952865 -0.0494423 -0.540791 -0.0860496 -0.0621856 -0.544192 -0.0715081 -0.0534132 -0.540462 -0.0762003 -0.0494423 -0.540791 -0.0860496 -0.0525988 -0.544986 -0.0952865 -0.0610339 -0.55059 -0.0985 -0.0698062 -0.554321 -0.0938078 -0.0737772 -0.553992 -0.0839585 -0.0737772 -0.553992 -0.0839585 -0.0706206 -0.549796 -0.0747217 -0.0689915 -0.532144 -0.0746546 -0.0602192 -0.528414 -0.0793468 -0.0619071 -0.529841 -0.0811598 -0.0688729 -0.532803 -0.077434 -0.0774266 -0.537748 -0.0778682 -0.0689915 -0.532144 -0.0746546 -0.0688729 -0.532803 -0.077434 -0.0755709 -0.537253 -0.0799857 -0.0805831 -0.541944 -0.087105 -0.0774266 -0.537748 -0.0778682 -0.0755709 -0.537253 -0.0799857 -0.0780773 -0.540585 -0.0873203 -0.0766121 -0.542273 -0.0969543 -0.0805831 -0.541944 -0.087105 -0.0780773 -0.540585 -0.0873203 -0.0749242 -0.540846 -0.0951411 -0.0678398 -0.538543 -0.101646 -0.0766121 -0.542273 -0.0969543 -0.0749242 -0.540846 -0.0951411 -0.0679584 -0.537884 -0.0988671 -0.0594047 -0.532938 -0.0984329 -0.0678398 -0.538543 -0.101646 -0.0679584 -0.537884 -0.0988671 -0.0612605 -0.533434 -0.0963153 -0.0562482 -0.528743 -0.089196 -0.0594047 -0.532938 -0.0984329 -0.0612605 -0.533434 -0.0963153 -0.058754 -0.530102 -0.0889807 -0.0602192 -0.528414 -0.0793468 -0.0562482 -0.528743 -0.089196 -0.058754 -0.530102 -0.0889807 -0.0619071 -0.529841 -0.0811598 -0.0688729 -0.532803 -0.077434 -0.0619071 -0.529841 -0.0811598 -0.110689 -0.445963 -0.104291 -0.116642 -0.448494 -0.101107 -0.0755709 -0.537253 -0.0799857 -0.122366 -0.452297 -0.103288 -0.0780773 -0.540585 -0.0873203 -0.124508 -0.455144 -0.109556 -0.0749242 -0.540846 -0.0951411 -0.0780773 -0.540585 -0.0873203 -0.124508 -0.455144 -0.109556 -0.121813 -0.455368 -0.11624 -0.0679584 -0.537884 -0.0988671 -0.115861 -0.452836 -0.119424 -0.0612605 -0.533434 -0.0963153 -0.110137 -0.449033 -0.117243 -0.058754 -0.530102 -0.0889807 -0.107995 -0.446186 -0.110975 -0.177161 -0.31922 -0.132899 -0.186828 -0.32333 -0.127729 -0.196123 -0.329506 -0.13127 -0.199601 -0.334129 -0.141448 -0.199601 -0.334129 -0.141448 -0.195225 -0.334492 -0.152302 -0.185558 -0.330381 -0.157472 -0.176263 -0.324205 -0.153931 -0.172785 -0.319582 -0.143753 -0.242396 -0.188168 -0.159416 -0.258435 -0.194988 -0.150838 -0.273857 -0.205235 -0.156713 -0.279628 -0.212905 -0.173601 -0.279628 -0.212905 -0.173601 -0.272368 -0.213507 -0.191608 -0.256329 -0.206687 -0.200187 -0.240907 -0.196441 -0.194312 -0.235136 -0.18877 -0.177424 -0.328196 -0.0362861 -0.199083 -0.344235 -0.043106 -0.190504 -0.359657 -0.0533525 -0.196379 -0.365428 -0.0610233 -0.213267 -0.365428 -0.0610233 -0.213267 -0.358168 -0.0616248 -0.231275 -0.342129 -0.0548049 -0.239854 -0.326707 -0.0445585 -0.233978 -0.320936 -0.0368878 -0.21709 -0.337765 -0.0281125 -0.205556 -0.350217 -0.0334076 -0.198895 -0.362191 -0.0413632 -0.203457 -0.366672 -0.0473187 -0.216569 -0.366672 -0.0473187 -0.216569 -0.361035 -0.0477859 -0.23055 -0.348582 -0.0424908 -0.237211 -0.336608 -0.0345352 -0.232649 -0.332128 -0.0285795 -0.219538 -0.346486 -0.028516 -0.213294 -0.352456 -0.0310547 -0.2101 -0.358197 -0.0348689 -0.212287 -0.360345 -0.0377243 -0.218574 -0.360345 -0.0377243 -0.218574 -0.357643 -0.0379483 -0.225277 -0.351673 -0.0354096 -0.22847 -0.345932 -0.0315954 -0.226283 -0.343783 -0.02874 -0.219997 -0.39949 -0.631103 0.208975 -0.356167 -0.631103 0.208975 -0.340758 -0.577324 0.208975 -0.399355 -0.577324 0.208975 -0.399355 -0.577324 0.165651 -0.340758 -0.577324 0.165651 -0.356167 -0.631103 0.165651 -0.39949 -0.631103 0.165651 -0.39949 -0.631103 0.165651 -0.356167 -0.631103 0.165651 -0.356167 -0.631103 0.208975 -0.39949 -0.631103 0.208975 -0.356167 -0.631103 0.208975 -0.356167 -0.631103 0.165651 -0.340758 -0.577324 0.165651 -0.340758 -0.577324 0.208975 -0.39949 -0.631103 0.165651 -0.39949 -0.631103 0.208975 -0.399355 -0.577324 0.208975 -0.399355 -0.577324 0.165651 -0.400907 -0.578765 0.212186 -0.375758 -0.578765 0.212186 -0.375758 0.631103 0.212186 -0.400907 0.631103 0.212186 -0.400907 0.631103 0.212186 -0.375758 0.631103 0.212186 -0.375758 0.631103 -0.268609 -0.400907 0.631103 -0.268609 -0.400907 0.631103 -0.268609 -0.375758 0.631103 -0.268609 -0.375758 -0.578765 -0.268609 -0.400907 -0.578765 -0.268609 -0.400907 -0.578765 -0.268609 -0.375758 -0.578765 -0.268609 -0.375758 -0.578765 0.212186 -0.400907 -0.578765 0.212186 0.395839 -0.578765 0.212186 0.395839 -0.578765 -0.268609 0.395839 0.631103 -0.268609 0.395839 0.631103 0.212186 -0.400907 -0.578765 -0.268609 -0.400907 -0.578765 0.212186 -0.400907 0.631103 0.212186 -0.400907 0.631103 -0.268609 0.370691 0.631103 0.212186 0.395839 0.631103 0.212186 0.395839 0.631103 -0.268609 0.370691 0.631103 -0.268609 0.370691 -0.578765 -0.268609 0.370691 0.631103 -0.268609 0.395839 0.631103 -0.268609 0.395839 -0.578765 -0.268609 0.370691 -0.578765 0.212186 0.370691 -0.578765 -0.268609 0.395839 -0.578765 -0.268609 0.395839 -0.578765 0.212186 0.370691 0.631103 0.212186 0.370691 -0.578765 0.212186 0.395839 -0.578765 0.212186 0.395839 0.631103 0.212186 -0.0146418 0.631103 0.212186 -0.0146418 0.631103 -0.268609 -0.0146418 0.631103 -0.268609 -0.0146418 -0.578765 -0.268609 -0.0146418 -0.578765 -0.268609 -0.0146418 -0.578765 0.212186 -0.366688 0.605798 -0.24098 -0.366688 -0.55346 -0.24098 -0.023408 -0.55346 -0.24098 -0.023408 0.605798 -0.24098 0.00746955 0.631103 0.212186 0.00746955 0.631103 -0.268609 0.00746955 -0.578765 -0.268609 0.00746955 0.631103 -0.268609 0.00746955 -0.578765 0.212186 0.00746955 -0.578765 -0.268609 0.0162358 0.605798 -0.24098 0.0162358 -0.55346 -0.24098 0.36162 -0.55346 -0.24098 0.36162 0.605798 -0.24098 -0.0146418 0.631103 0.212186 -0.0146418 -0.578765 0.212186 0.00746955 -0.578765 0.212186 0.00746955 0.631103 0.212186 -0.366688 -0.55346 0.212186 -0.366688 0.605798 0.212186 -0.023408 -0.55346 0.212186 -0.023408 0.605798 0.212186 0.0162358 -0.55346 0.212186 0.0162358 0.605798 0.212186 0.36162 -0.55346 0.212186 0.36162 0.605798 0.212186 -0.366688 0.605798 0.212186 -0.366688 -0.55346 0.212186 -0.366688 -0.55346 -0.24098 -0.366688 0.605798 -0.24098 -0.366688 -0.55346 0.212186 -0.023408 -0.55346 0.212186 -0.023408 -0.55346 -0.24098 -0.366688 -0.55346 -0.24098 -0.023408 -0.55346 0.212186 -0.023408 0.605798 0.212186 -0.023408 0.605798 -0.24098 -0.023408 -0.55346 -0.24098 -0.023408 0.605798 0.212186 -0.366688 0.605798 0.212186 -0.366688 0.605798 -0.24098 -0.023408 0.605798 -0.24098 0.0162358 0.605798 0.212186 0.0162358 -0.55346 0.212186 0.0162358 -0.55346 -0.24098 0.0162358 0.605798 -0.24098 0.0162358 -0.55346 0.212186 0.36162 -0.55346 0.212186 0.36162 -0.55346 -0.24098 0.0162358 -0.55346 -0.24098 0.36162 -0.55346 0.212186 0.36162 0.605798 0.212186 0.36162 0.605798 -0.24098 0.36162 -0.55346 -0.24098 0.36162 0.605798 0.212186 0.0162358 0.605798 0.212186 0.0162358 0.605798 -0.24098 0.36162 0.605798 -0.24098 -0.39949 -0.631103 -0.222824 -0.356167 -0.631103 -0.222824 -0.340758 -0.577324 -0.222824 -0.399355 -0.577324 -0.222824 -0.399355 -0.577324 -0.266148 -0.340758 -0.577324 -0.266148 -0.356167 -0.631103 -0.266148 -0.39949 -0.631103 -0.266148 -0.39949 -0.631103 -0.266148 -0.356167 -0.631103 -0.266148 -0.356167 -0.631103 -0.222824 -0.39949 -0.631103 -0.222824 -0.356167 -0.631103 -0.222824 -0.356167 -0.631103 -0.266148 -0.340758 -0.577324 -0.266148 -0.340758 -0.577324 -0.222824 -0.39949 -0.631103 -0.266148 -0.39949 -0.631103 -0.222824 -0.399355 -0.577324 -0.222824 -0.399355 -0.577324 -0.266148 0.393832 -0.631103 0.208975 0.393697 -0.577324 0.208975 0.3351 -0.577324 0.208975 0.350509 -0.631103 0.208975 0.393697 -0.577324 0.165651 0.393832 -0.631103 0.165651 0.350509 -0.631103 0.165651 0.3351 -0.577324 0.165651 0.393832 -0.631103 0.165651 0.393832 -0.631103 0.208975 0.350509 -0.631103 0.208975 0.350509 -0.631103 0.165651 0.350509 -0.631103 0.208975 0.3351 -0.577324 0.208975 0.3351 -0.577324 0.165651 0.350509 -0.631103 0.165651 0.393832 -0.631103 0.165651 0.393697 -0.577324 0.165651 0.393697 -0.577324 0.208975 0.393832 -0.631103 0.208975 </float_array>
          <technique_common>
            <accessor count="1355" offset="0" source="#meshId0-positions-array" stride="3">
              <param name="X" type="float" />
              <param name="Y" type="float" />
              <param name="Z" type="float" />
            </accessor>
          </technique_common>
        </source>
        <source id="meshId0-normals" name="meshId0-normals">
          <float_array id="meshId0-normals-array" count="4065"> -0.328214 -0.707105 0.626321 -0.328214 -0.707107 0.626319 4.71652e-07 -1 -9.07709e-07 -1.34376e-06 -1 2.56294e-06 0.328214 -0.707107 -0.626319 0.328212 -0.707109 -0.626317 0.464166 7.11931e-08 -0.885748 0.464166 7.11925e-08 -0.885749 0.328215 0.707107 -0.626319 0.328214 0.707109 -0.626317 2.69643e-06 1 -1.74423e-06 8.72111e-07 1 1.74422e-06 -0.328213 0.707107 0.626319 -0.328214 0.707105 0.62632 -0.464166 1.77982e-06 0.885748 -0.464166 1.77982e-06 0.885748 -0.886365 -0.00319557 -0.462977 -0.886365 -0.00319557 -0.462977 -0.886365 -0.00319557 -0.462977 -0.886365 -0.00319557 -0.462977 -0.885132 -0.00320468 -0.465328 -0.885132 -0.00320468 -0.465328 -0.885132 -0.00320468 -0.465328 -0.885132 -0.00320468 -0.465328 -0.884256 -0.0013298 -0.467001 -0.884256 -0.0013298 -0.467001 -0.884256 -0.0013298 -0.467001 -0.884256 -0.0013298 -0.467001 -0.884246 0.00134117 -0.467019 -0.884246 0.00134117 -0.467019 -0.884246 0.00134117 -0.467019 -0.884246 0.00134117 -0.467019 -0.885123 0.00325298 -0.465346 -0.885123 0.00325298 -0.465346 -0.885123 0.00325298 -0.465346 -0.885123 0.00325298 -0.465346 -0.886374 0.00324838 -0.462957 -0.886374 0.00324838 -0.462958 -0.886374 0.00324838 -0.462957 -0.886374 0.00324838 -0.462957 -0.887249 0.0013412 -0.461289 -0.887249 0.0013412 -0.461289 -0.887249 0.0013412 -0.461289 -0.887249 0.0013412 -0.461289 -0.887239 -0.00133212 -0.461308 -0.887239 -0.00133212 -0.461308 -0.887239 -0.00133212 -0.461308 -0.887239 -0.00133212 -0.461308 -0.328208 -0.707105 0.626324 -0.401093 -0.729227 0.554393 -0.115059 -0.991527 -0.060293 -4.11675e-07 -1 -2.37237e-07 0.22758 -0.729232 -0.645313 0.328206 -0.707108 -0.626322 0.447684 -0.0532882 -0.892603 0.464156 -1.38157e-06 -0.885753 0.388875 0.676578 -0.625315 0.328208 0.707107 -0.626322 0.0677426 0.997071 0.0354991 -1.11641e-07 1 1.56297e-06 -1.11641e-07 1 1.56297e-06 0.0677426 0.997071 0.0354991 -0.292857 0.676575 0.675633 -0.328207 0.707105 0.626325 -0.479164 -0.0532856 0.876106 -0.464155 4.18655e-07 0.885754 -0.782359 -0.558227 0.276218 -0.621107 -0.712948 -0.325472 -0.218139 -0.55823 -0.800496 0.324822 -0.127466 -0.937146 0.742079 0.397913 -0.53943 0.640295 0.690972 0.335528 0.640295 0.690972 0.335528 -0.021229 0.397909 0.917179 -0.58571 -0.127464 0.800435 -0.957981 -0.112424 0.263881 -0.876173 -0.146697 -0.45913 -0.328235 -0.112424 -0.937882 0.429373 -0.0225523 -0.902846 0.947656 0.0422957 -0.316479 0.884758 0.0474794 0.463627 0.884758 0.0474794 0.463627 0.2791 0.0422949 0.95933 -0.498004 -0.0225526 0.866881 -0.955438 -2.65226e-09 0.295191 -0.885756 -4.90602e-09 -0.46415 -0.301042 3.93758e-08 -0.953611 0.460437 4.20304e-08 -0.887693 0.953673 6.06134e-10 -0.300844 0.885756 -1.64928e-07 0.46415 0.885756 -1.64928e-07 0.46415 0.295382 -1.64061e-07 0.955379 -0.467868 -1.01522e-09 0.883798 0.328212 0.70711 -0.626317 0.328213 0.707107 -0.626319 9.78902e-07 1 -9.61104e-07 -8.36514e-07 1 2.47395e-06 -0.328213 0.707107 0.626319 -0.328214 0.707105 0.626321 -0.464165 1.49504e-06 0.885749 -0.464165 1.47725e-06 0.885749 -0.328214 -0.707107 0.626319 -0.328214 -0.707105 0.626321 4.44955e-07 -1 -8.36515e-07 -1.37936e-06 -1 2.61633e-06 0.328213 -0.707107 -0.626319 0.328212 -0.707109 -0.626317 0.464165 0 -0.885749 0.464165 0 -0.885749 -0.885132 0.0032001 -0.465328 -0.885132 0.0032001 -0.465328 -0.885132 0.0032001 -0.465328 -0.885132 0.0032001 -0.465328 -0.886365 0.00319557 -0.462975 -0.886365 0.00319557 -0.462976 -0.886365 0.00319557 -0.462976 -0.886365 0.00319557 -0.462975 -0.887239 0.00133211 -0.461308 -0.887239 0.00133211 -0.461308 -0.887239 0.00133211 -0.461308 -0.887239 0.00133211 -0.461308 -0.88725 -0.00134119 -0.461288 -0.88725 -0.00134119 -0.461287 -0.88725 -0.00134119 -0.461288 -0.88725 -0.00134119 -0.461288 -0.886375 -0.00324838 -0.462957 -0.886375 -0.00324838 -0.462957 -0.886375 -0.00324838 -0.462957 -0.886375 -0.00324838 -0.462957 -0.885122 -0.00325764 -0.465347 -0.885122 -0.00325764 -0.465347 -0.885122 -0.00325764 -0.465347 -0.885122 -0.00325764 -0.465347 -0.884245 -0.00133886 -0.467021 -0.884245 -0.00133886 -0.467021 -0.884245 -0.00133886 -0.467021 -0.884245 -0.00133886 -0.467021 -0.884256 0.00133209 -0.467 -0.884256 0.00133209 -0.467 -0.884256 0.00133209 -0.467 -0.884256 0.00133209 -0.467 0.328208 0.707105 -0.626324 0.227583 0.729229 -0.645314 -0.11506 0.991527 -0.0602917 -7.74507e-07 1 2.19095e-06 -0.401095 0.729225 0.554395 -0.328208 0.707102 0.626327 -0.479165 0.0532854 0.876106 -0.464154 -1.67461e-07 0.885755 -0.292857 -0.676578 0.675631 -0.328206 -0.707107 0.626322 0.0677424 -0.997071 0.0354981 -4.18653e-08 -1 9.76857e-08 -4.18653e-08 -1 9.76857e-08 0.0677424 -0.997071 0.0354981 0.388873 -0.676581 -0.625313 0.328206 -0.70711 -0.626319 0.447685 0.0532853 -0.892602 0.464156 -1.03268e-06 -0.885753 -0.218138 0.558231 -0.800496 -0.621107 0.712947 -0.325472 -0.782358 0.558228 0.276219 -0.585714 0.127464 0.800433 -0.0212273 -0.397912 0.917178 0.640295 -0.690974 0.335526 0.640295 -0.690974 0.335526 0.74208 -0.397912 -0.539429 0.324828 0.127464 -0.937145 -0.328235 0.112424 -0.937882 -0.876173 0.146698 -0.45913 -0.957981 0.112424 0.263881 -0.498005 0.0225529 0.866881 0.279102 -0.0422956 0.959329 0.884757 -0.0474801 0.463627 0.884757 -0.0474801 0.463627 0.947656 -0.0422953 -0.316479 0.429374 0.0225524 -0.902845 -0.755802 0.326931 -0.567345 -0.894728 0.443751 0.0504659 -0.631194 0.752648 0.187392 -0.435933 0.588455 -0.680943 -0.876172 -0.0349624 0.480728 -0.605114 0.0798127 0.792128 -0.718692 -0.630498 0.29318 -0.383775 -0.757216 0.528528 -0.718692 -0.630498 0.29318 -0.579764 -0.74732 -0.324632 -0.188513 -0.921408 -0.339808 -0.383775 -0.757216 0.528528 -0.59832 -0.268606 -0.754894 -0.214592 -0.248574 -0.944543 -0.244565 0.924855 0.291258 -0.0288158 0.743434 -0.668188 -0.21575 0.181422 0.959447 0.0288153 -0.743434 0.668188 0.244565 -0.924855 -0.291259 0.0288153 -0.743434 0.668188 0.215749 -0.181421 -0.959447 0.188513 0.921408 0.339808 0.383774 0.757216 -0.528528 0.214592 0.248573 0.944543 0.435933 -0.588455 0.680943 0.631194 -0.752647 -0.187392 0.435933 -0.588455 0.680943 0.605114 -0.0798128 -0.792128 0.579765 0.74732 0.324632 0.718691 0.630498 -0.293182 0.59832 0.268605 0.754894 0.755801 -0.326931 0.567345 0.894727 -0.443753 -0.0504661 0.755801 -0.326931 0.567345 0.876171 0.0349624 -0.48073 -0.963608 -0.198387 -0.179172 0.963608 0.198387 0.179172 0 0 1 0 0 1 0 0 1 0 0 1 0 1 0 0 1 0 0 1 0 0 1 0 0 -0.999493 -0.0318472 0 -0.999493 -0.0318471 0 -0.370875 -0.928683 0 -0.370875 -0.928683 0 -1 0 0 -1 0 -0.885754 0 -0.464156 -0.885814 0 -0.464041 -0.885753 0 -0.464157 -0.885753 0 -0.464157 0 1 1.34772e-06 0 1 1.34772e-06 0 1 1.26715e-06 0 1 1.26715e-06 0.88569 0 0.464278 0.885753 0 0.464156 0.885753 0 0.464156 0.885753 0 0.464156 0 -1 0 0 -1 0 0 -1 0 0 -1 0 0.464158 0 -0.885752 0.464158 0 -0.885752 0.464158 0 -0.885752 0.464158 0 -0.885752 -0.464157 0 0.885753 -0.464157 0 0.885753 -0.464157 0 0.885753 -0.464157 0 0.885753 0.885754 5.97428e-07 0.464156 0.885754 -1.3008e-06 0.464155 0.885755 9.15361e-07 0.464154 0.885755 7.62598e-07 0.464153 0.885755 0 0.464153 0.885755 0 0.464153 0.885755 -3.24377e-07 0.464153 0.885755 -2.61066e-07 0.464153 0.885754 1.10177e-06 0.464156 0.885754 -7.21231e-07 0.464156 0.885754 1.63164e-07 0.464156 0.885754 2.02735e-07 0.464156 0.885753 0 0.464156 0.885753 0 0.464156 0 -1 0 0 -1 0 0 -1 0 0 -1 0 -0.464157 0 0.885753 -0.464157 0 0.885753 -0.464157 0 0.885753 -0.464157 0 0.885753 0 1 -4.22631e-07 0 1 -4.22631e-07 0 1 -1.93308e-13 0 1 1.59195e-13 0.464157 0 -0.885753 0.464157 0 -0.885753 0.464157 0 -0.885753 0.464157 0 -0.885753 -0.464157 0 0.885753 -0.464157 0 0.885753 -0.464157 0 0.885753 -0.464157 0 0.885753 0.885754 0 0.464155 0.885754 -6.1024e-07 0.464156 0.885754 -5.08395e-07 0.464156 0.885754 0 0.464155 0.464157 0 -0.885753 0.464157 0 -0.885753 0.464157 0 -0.885753 0.464157 0 -0.885753 0.885753 0 0.464156 0.885535 0 0.464572 0.885753 0 0.464156 0.885753 0 0.464156 -0.464157 0 0.885753 -0.464157 0 0.885753 -0.464157 0 0.885753 -0.464157 0 0.885753 0.885755 0 0.464153 0.885755 0 0.464153 0.464158 0 -0.885753 0.464158 0 -0.885753 0.464158 0 -0.885753 0.464158 0 -0.885753 -0.885952 0 -0.463776 -0.885753 0 -0.464156 -0.885753 0 -0.464157 -0.885753 0 -0.464157 -0.464158 0 0.885753 -0.464158 0 0.885753 0.885754 0 0.464155 0.885754 0 0.464155 0.464157 0 -0.885753 0.464157 0 -0.885753 0.883468 0 0.468491 0.885753 0 0.464156 -0.464157 0 0.885753 -0.464157 0 0.885753 0.885755 0 0.464153 0.885755 0 0.464153 0.464158 0 -0.885752 0.464158 0 -0.885752 -0.888135 0 -0.459582 -0.885753 0 -0.464157 -0.464157 0 0.885753 -0.464157 0 0.885753 0.885753 0 0.464156 0.885753 0 0.464156 0.464158 0 -0.885753 0.464158 0 -0.885753 0.883364 0 0.468688 0.885753 0 0.464156 -0.464158 0 0.885753 -0.464158 0 0.885753 0.885755 0 0.464153 0.885755 0 0.464153 0.464158 0 -0.885753 0.464158 0 -0.885753 -0.885753 0 -0.464156 -0.888093 0 -0.459664 -0.464158 0 0.885753 -0.464158 0 0.885753 0.885754 0 0.464156 0.885754 0 0.464156 0.464158 0 -0.885753 0.464158 0 -0.885753 0.883364 0 0.468687 0.885753 0 0.464156 -0.464158 0 0.885753 -0.464158 0 0.885753 0.885755 0 0.464153 0.885755 0 0.464153 0.464158 0 -0.885752 0.464158 0 -0.885752 -0.888093 0 -0.459664 -0.885753 0 -0.464157 -0.464158 0 0.885752 -0.464158 0 0.885752 0.885754 0 0.464155 0.885754 0 0.464155 0.464157 0 -0.885753 0.464157 0 -0.885753 0.883468 0 0.468491 0.885753 0 0.464156 -0.464157 0 0.885753 -0.464157 0 0.885753 0.885755 0 0.464153 0.885755 0 0.464153 0.464158 0 -0.885752 0.464158 0 -0.885752 -0.888135 0 -0.459582 -0.885753 0 -0.464157 -0.885754 0 -0.464156 -0.885754 0 -0.464155 -0.883391 0 -0.468636 -0.883391 0 -0.468636 -0.885754 0 -0.464156 -0.883348 0 -0.468717 -0.885754 0 -0.464155 -0.885693 0 -0.464271 -0.885754 0 -0.464155 -0.885754 0 -0.464156 0 -1 0 0 -1 0 0 -1 0 0 -1 0 0.885754 2.43787e-06 0.464156 0.885754 2.39548e-06 0.464156 0 1 1.49834e-07 0 1 0 0 1 0 0 1 1.49834e-07 0.885754 0 0.464155 0.885754 0 0.464155 0.885753 0 0.464156 0.885817 0 0.464035 0.885754 0 0.464155 0.888017 0 0.45981 0.885754 0 0.464155 0.88812 0 0.459612 0.885754 0 0.464156 0.88812 0 0.459612 0.885754 0 0.464155 0.888017 0 0.45981 0.885754 0 0.464155 0.885971 0 0.46374 0.885754 0 0.464155 0.885754 0 0.464156 0 -1 0 0 -1 0 0 -1 0 0 -1 0 0.885754 -2.67116e-06 0.464155 0.885754 -2.5992e-06 0.464155 0 1 0 0 1 0 0 1 8.98481e-07 0 1 8.98483e-07 -0.885754 0 -0.464155 -0.885754 0 -0.464155 -0.885754 0 -0.464156 -0.885555 0 -0.464535 -0.885754 0 -0.464155 -0.883348 0 -0.468717 -0.626795 0.706569 -0.328463 -0.626795 0.706569 -0.328463 -0.626795 0.706569 -0.328463 -0.626795 0.706569 -0.328463 -0.997738 0 0.067226 -0.997738 0 0.067226 -0.626791 -0.706577 -0.328454 -0.626791 -0.706577 -0.328454 -0.626791 -0.706577 -0.328454 -0.626791 -0.706577 -0.328454 -0.512564 0 -0.858649 -0.512564 0 -0.858649 -0.673063 0.650068 -0.352702 -0.673063 0.650068 -0.352702 -0.673063 0.650068 -0.352702 -0.673063 0.650068 -0.352702 -0.999128 0 0.041759 -0.995583 0 0.0938802 -0.56738 -0.767905 -0.297324 -0.56738 -0.767905 -0.297324 -0.56738 -0.767905 -0.297324 -0.56738 -0.767905 -0.297324 -0.489426 0 -0.872045 -0.534299 0 -0.845296 0.651378 -0.677639 0.341338 0.651378 -0.677639 0.341338 0.651378 -0.677639 0.341338 0.651378 -0.677639 0.341338 -0.995583 0 0.0938802 -0.999128 0 0.041759 0.531631 0.799848 0.278587 0.531631 0.799848 0.278587 0.531631 0.799848 0.278587 0.531631 0.799848 0.278587 -0.534299 0 -0.845296 -0.489426 0 -0.872045 0.598928 -0.736739 0.313848 0.598928 -0.736739 0.313848 0.598928 -0.736739 0.313848 0.598928 -0.736739 0.313848 -0.997738 0 0.067226 -0.997738 0 0.067226 0.598922 0.736739 0.313859 0.598922 0.736739 0.313859 0.598922 0.736739 0.313859 0.598922 0.736739 0.313859 -0.512564 0 -0.858649 -0.512564 0 -0.858649 0.53167 -0.799819 0.278598 0.53167 -0.799819 0.278598 0.53167 -0.799819 0.278598 0.53167 -0.799819 0.278598 -0.999127 0 0.0417663 -0.995584 0 0.0938746 0.651352 0.677668 0.34133 0.651353 0.677668 0.34133 0.651353 0.677668 0.34133 0.651353 0.677668 0.34133 -0.48943 0 -0.872043 -0.534292 0 -0.8453 -0.567348 0.767937 -0.297303 -0.567348 0.767937 -0.297303 -0.567348 0.767937 -0.297303 -0.567348 0.767937 -0.297303 -0.995584 0 0.0938746 -0.999127 0 0.0417663 -0.673054 -0.650083 -0.352691 -0.673053 -0.650083 -0.352691 -0.673054 -0.650083 -0.352691 -0.673054 -0.650083 -0.352691 -0.534292 0 -0.8453 -0.48943 0 -0.872043 0 1 5.25946e-10 0 1 5.25947e-10 0 1 5.25946e-10 0 1 5.25946e-10 0 1 5.25947e-10 0 1 5.25947e-10 0 1 5.25947e-10 0 1 5.25947e-10 0 1 5.25947e-10 0 1 5.25947e-10 0 1 5.25946e-10 0 1 5.25947e-10 0 1 5.25946e-10 0 1 5.25946e-10 0 1 5.25947e-10 0 1 5.25947e-10 0 1 5.25946e-10 0 1 5.25946e-10 0 1 5.25947e-10 0 1 5.25946e-10 0 -0.707111 0.707102 0 -0.707111 0.707102 0 -0.707111 0.707102 0 -0.707111 0.707102 0 0.707108 0.707105 0 0.707108 0.707105 0 0.707108 0.707105 0 0.707108 0.707105 0 0.707108 -0.707105 0 0.707108 -0.707105 0 0.707108 -0.707105 0 0.707108 -0.707105 0 -0.707111 -0.707102 0 -0.707111 -0.707102 0 -0.707111 -0.707102 0 -0.707111 -0.707102 0 0 1 0 0 1 0 0 1 0 0 1 0 1 0 0 1 0 0 1 0 0 1 0 0 -0.999493 -0.031847 0 -0.999493 -0.031847 0 -0.370876 -0.928682 0 -0.370876 -0.928682 0 -1 0 0 -1 0 0 0 1 0 0 1 0 0 1 0 0 1 0 1 0 0 1 0 0 1 0 0 1 0 0 -0.999493 -0.031847 0 -0.999493 -0.031847 0 -0.370875 -0.928683 0 -0.370875 -0.928683 0 -1 0 0 -1 0 0 0 1 0 0 1 0 0 1 0 0 1 0 0 -1 0 0 -1 0 0 -1 0 0 -1 0 -1 0 0 -1 0 0 -1 0 0 -1 0 -0.961317 -0.275445 0 -0.961317 -0.275445 0 -0.961317 -0.275445 0 -0.961317 -0.275445 0 0.999997 0.00252242 0 0.999997 0.00252242 0 0.999997 0.00252242 0 0.999997 0.00252242 0 0 0 1 0 0 1 0 0 1 0 0 1 0 0 1 0 0 1 0 0 1 0 0 1 0 1 0 0 1 0 0 1 0 0 1 0 0 -0.999493 -0.0318468 0 -0.999493 -0.0318469 0 -0.370877 -0.928682 0 -0.370878 -0.928682 0 -1 0 0 -1 0 0 0 1 0 0 1 0 0 1 -0.00013038 0 1 0 1 0 0 1 0 0 1 0 0 1 0 -0.000136932 0 -1 0 0 -1 0 0 -1 0 0 -1 0 -1 0 0 -1 0 0 -1 0 0 -1 0 1 0 0 1 0 0 1 0 0 1 0 0 -1 0 0 -1 0 0 -1 0 0 -1 0 0 0 0 -1 -7.58401e-08 0 -1 -7.19241e-08 0 -1 0 0 -1 -3.88682e-07 0 -1 -3.70782e-07 0 -1 -3.63997e-07 0 -1 -3.87186e-07 0 -1 0 0 -1 0 0 -1 2.33665e-07 0 -1 2.40568e-07 0 -1 2.38974e-07 0 -1 2.2939e-07 0 -1 0 -1 0 0 -1 0 0 -1 0 0 -1 0 -1 0 0 -1 0 0 -1 0 0 -1 0 0 0 1 0 0 1 0 0 1 0 0 1 0 1 0 0 1 0 0 1 0 0 1 0 0 -1 0 0 -1 0 0 -1 0 0 -1 0 0 0 0 -1 0 0 -1 0 0 -1 0 0 -1 1 0 0 1 0 0 1 0 0 1 0 0 0 0 -1 0 0 -1 0 0 -1 -0.000469875 0 -1 -1 0 0 -1 0 0 -1 0 0 -1 0 0 -8.21303e-08 0 -1 -8.02508e-08 0 -1 1 0 0 1 0 0 1 0 0 1 0 0 -0.000428741 0 1 0 0 1 0 0 1 0 0 1 -1 0 0 -1 0 0 0 0 -1 0 0 -1 1 0 0 1 0 0 0 0 -1 -0.00490019 0 -0.999988 -1 0 0 -1 0 0 9.3633e-08 0 -1 9.16716e-08 0 -1 1 0 0 1 0 0 -0.00515708 0 0.999987 0 0 1 -1 0 0 -1 0 0 -1.86614e-07 0 -1 -1.83998e-07 0 -1 1 0 0 1 0 0 0 0 -1 -0.00512251 0 -0.999987 -1 0 0 -1 0 0 1.38325e-07 0 -1 1.39634e-07 0 -1 1 0 0 1 0 0 -0.00506476 0 0.999987 0 0 1 -1 0 0 -1 0 0 -2.6167e-09 0 -1 2.61669e-09 0 -1 1 0 0 1 0 0 0 0 -1 -0.00512245 0 -0.999987 -1 0 0 -1 0 0 -1.63544e-09 0 -1 1.63544e-09 0 -1 1 0 0 1 0 0 -0.00506468 0 0.999987 0 0 1 -1 0 0 -1 0 0 7.84635e-09 0 -1 -7.8463e-09 0 -1 1 0 0 1 0 0 0 0 -1 -0.00490009 0 -0.999988 -1 0 0 -1 0 0 -1.87491e-08 0 -1 -2.75762e-08 0 -1 1 0 0 1 0 0 -0.00515704 0 0.999987 0 0 1 0 0 1 0.00506467 0 0.999987 0.00506475 0 0.999987 0 0 1 0 0 1 0.00515703 0 0.999987 0 0 1 0.000130379 0 1 0 0 1 0 0 1 0 -1 0 0 -1 0 0 -1 0 0 -1 0 0 0 -1 0 0 -1 0 1 0 0 1 0 0 1 0 0 1 0 0 0 -1 0.000136932 0 -1 0 0 -1 0 0 -1 0 0 -1 0.00490009 0 -0.999988 0 0 -1 0.00512245 0 -0.999987 0 0 -1 0.00512251 0 -0.999987 0 0 -1 0.00490017 0 -0.999988 0 0 -1 0.000469874 0 -1 0 0 -1 0 0 -1 0 -1 0 0 -1 0 0 -1 0 0 -1 0 0 0 -1 0 0 -1 0 1 0 0 1 0 0 1 0 0 1 0 0 0 1 0.000428739 0 1 0 0 1 0 0 1 0 0 1 0.00515705 0 0.999987 0 0.706581 0.707632 0 0.706581 0.707632 0 0.706581 0.707632 0 0.706581 0.707632 -0.522643 0 0.852552 -0.522643 0 0.852552 0 -0.706577 0.707636 0 -0.706577 0.707636 0 -0.706577 0.707636 0 -0.706577 0.707636 0.522643 0 0.852552 0.522643 0 0.852552 0 0.65007 0.759874 0 0.65007 0.759874 0 0.65007 0.759874 0 0.65007 0.759874 -0.54525 0 0.838273 -0.500729 0 0.865604 0 -0.767913 0.640555 0 -0.767913 0.640555 0 -0.767913 0.640555 0 -0.767913 0.640555 0.500733 0 0.865602 0.545254 0 0.838271 0 -0.677642 -0.735392 0 -0.677642 -0.735392 0 -0.677642 -0.735392 0 -0.677642 -0.735392 -0.500729 0 0.865604 -0.54525 0 0.838273 0 0.799839 -0.600214 0 0.799839 -0.600214 0 0.799839 -0.600214 0 0.799839 -0.600214 0.545254 0 0.838271 0.500733 0 0.865602 0 -0.736735 -0.676182 0 -0.736735 -0.676182 0 -0.736735 -0.676182 0 -0.736735 -0.676182 -0.522643 0 0.852552 -0.522643 0 0.852552 0 0.736746 -0.67617 0 0.736746 -0.67617 0 0.736746 -0.67617 0 0.736746 -0.67617 0.522643 0 0.852552 0.522643 0 0.852552 0 -0.799818 -0.600242 0 -0.799818 -0.600242 0 -0.799818 -0.600242 0 -0.799818 -0.600242 -0.545248 0 0.838275 -0.500738 0 0.865599 0 0.677681 -0.735356 0 0.677681 -0.735356 0 0.677681 -0.735356 0 0.677681 -0.735356 0.500737 0 0.8656 0.545247 0 0.838276 0 0.767935 0.640527 0 0.767935 0.640527 0 0.767935 0.640527 0 0.767935 0.640527 -0.500738 0 0.865599 -0.545248 0 0.838275 0 -0.650076 0.759869 0 -0.650076 0.759869 0 -0.650076 0.759869 0 -0.650076 0.759869 0.545247 0 0.838276 0.500737 0 0.8656 -0.707107 -0.707107 0 0 -1 0 0 -1 0 -0.707107 -0.707107 0 0.707107 -0.707107 0 0.707107 -0.707107 0 1 0 0 1 0 0 0.707107 0.707107 0 0.707107 0.707107 0 0 1 0 0 1 0 -0.707106 0.707107 0 -0.707106 0.707107 0 -1 -1.77982e-08 0 -1 -1.77982e-08 0 -0.00132234 -0.00319433 0.999994 -0.00132234 -0.00319433 0.999994 -0.00132234 -0.00319433 0.999994 -0.00132234 -0.00319433 0.999994 0.00132234 -0.00319433 0.999994 0.00132234 -0.00319433 0.999994 0.00132234 -0.00319433 0.999994 0.00132234 -0.00319433 0.999994 0.00321085 -0.00132947 0.999994 0.00321085 -0.00132947 0.999994 0.00321085 -0.00132947 0.999994 0.00321085 -0.00132947 0.999994 0.0032307 0.00133852 0.999994 0.0032307 0.00133852 0.999994 0.0032307 0.00133852 0.999994 0.0032307 0.00133852 0.999994 0.00134651 0.00324711 0.999994 0.00134651 0.00324711 0.999994 0.00134651 0.00324711 0.999994 0.00134651 0.00324711 0.999994 -0.00134651 0.00324711 0.999994 -0.00134651 0.00324711 0.999994 -0.00134651 0.00324711 0.999994 -0.00134651 0.00324711 0.999994 -0.0032304 0.00133852 0.999994 -0.0032304 0.00133852 0.999994 -0.0032304 0.00133852 0.999994 -0.0032304 0.00133852 0.999994 -0.00321056 -0.00132947 0.999994 -0.00321055 -0.00132947 0.999994 -0.00321055 -0.00132947 0.999994 -0.00321055 -0.00132947 0.999994 -0.707107 -0.707106 0 1.39551e-08 -1 0 -1.97103e-07 -0.991527 0.129899 -0.677224 -0.729229 0.0979443 0.707108 -0.707106 0 0.677224 -0.729229 0.0979443 1 0 0 0.998421 -0.0532855 0.0177702 0.707108 0.707106 0 0.734376 0.676575 -0.0542006 -4.18652e-08 1 0 3.74598e-08 0.997071 -0.0764795 -4.18652e-08 1 0 -0.707107 0.707106 0 -0.734376 0.676576 -0.0542007 3.74598e-08 0.997071 -0.0764795 -1 -1.39551e-08 0 -0.998421 -0.0532859 0.0177702 -2.44153e-07 -0.712949 0.701215 -0.607795 -0.55823 0.56477 0.607795 -0.55823 0.56477 0.980849 -0.127465 0.147268 0.822247 0.397908 -0.406914 1.13044e-06 0.690975 -0.722878 -0.822246 0.397909 -0.406915 1.13044e-06 0.690975 -0.722878 -0.980849 -0.127466 0.147269 0 -0.146697 0.989181 -0.678382 -0.112424 0.726057 0.678382 -0.112424 0.726057 0.998995 -0.0225517 0.0387397 0.720186 0.042294 -0.692491 1.44314e-07 0.0474775 -0.998872 -0.720185 0.042294 -0.692491 1.44314e-07 0.0474775 -0.998872 -0.998995 -0.0225519 0.0387399 0 -1.92153e-08 1 -0.704935 3.46834e-08 0.709272 0.704935 2.0198e-08 0.709272 0.999991 6.05073e-08 0.00419551 0.709131 1.98003e-08 -0.705077 0 -2.21785e-08 -1 -0.70913 -4.72783e-08 -0.705077 0 -2.21785e-08 -1 -0.999991 1.09644e-08 0.00419551 0.707107 0.707107 0 0 1 0 0 1 0 0.707107 0.707107 0 -0.707107 0.707107 0 -0.707107 0.707107 0 -1 0 0 -1 0 0 -0.707107 -0.707107 0 -0.707107 -0.707107 0 0 -1 0 0 -1 0 0.707107 -0.707107 0 0.707107 -0.707107 0 1 0 0 1 0 0 0.00132234 0.00319432 0.999994 0.00132234 0.00319432 0.999994 0.00132234 0.00319432 0.999994 0.00132234 0.00319432 0.999994 -0.00132234 0.00319432 0.999994 -0.00132234 0.00319432 0.999994 -0.00132234 0.00319432 0.999994 -0.00132234 0.00319432 0.999994 -0.00320969 0.00132946 0.999994 -0.00320969 0.00132946 0.999994 -0.00320969 0.00132946 0.999994 -0.00320969 0.00132946 0.999994 -0.0032311 -0.00133852 0.999994 -0.0032311 -0.00133852 0.999994 -0.0032311 -0.00133852 0.999994 -0.0032311 -0.00133852 0.999994 -0.00134535 -0.00324711 0.999994 -0.00134535 -0.00324711 0.999994 -0.00134535 -0.00324711 0.999994 -0.00134535 -0.00324711 0.999994 0.00134535 -0.00324711 0.999994 0.00134535 -0.00324711 0.999994 0.00134535 -0.00324711 0.999994 0.00134535 -0.00324711 0.999994 0.00323156 -0.00133852 0.999994 0.00323156 -0.00133852 0.999994 0.00323156 -0.00133852 0.999994 0.00323156 -0.00133852 0.999994 0.00321014 0.00132946 0.999994 0.00321015 0.00132946 0.999994 0.00321015 0.00132946 0.999994 0.00321015 0.00132946 0.999994 0.70711 0.707104 0 1.39551e-08 1 0 8.5697e-09 0.991527 0.1299 0.677225 0.729227 0.0979446 -0.707109 0.707104 0 -0.677225 0.729228 0.0979445 -1 0 0 -0.998421 0.0532857 0.0177701 -0.707106 -0.707108 0 -0.734374 -0.676578 -0.054201 0 -1 0 -9.22088e-08 -0.997071 -0.07648 0 -1 0 0.707106 -0.707108 0 0.734374 -0.676577 -0.054201 -9.22088e-08 -0.997071 -0.07648 1 0 0 0.998421 0.0532853 0.0177701 -9.76608e-09 0.712948 0.701217 0.607795 0.55823 0.564769 -0.607795 0.55823 0.564769 -0.980849 0.127465 0.147269 -0.822245 -0.397909 -0.406916 -7.62595e-07 -0.690974 -0.722879 0.822246 -0.397909 -0.406915 -7.62595e-07 -0.690974 -0.722879 0.980849 0.127464 0.147269 0 0.146697 0.989181 0.678382 0.112424 0.726057 -0.678381 0.112424 0.726057 -0.998995 0.0225518 0.0387399 -0.720185 -0.0422941 -0.692491 -8.41833e-08 -0.0474775 -0.998872 0.720186 -0.042294 -0.692491 -8.41833e-08 -0.0474775 -0.998872 0.998995 0.0225518 0.0387398 0.258747 0.865376 0.429154 -0.282765 0.635117 0.718798 -0.0413323 0.230203 0.972264 0.590596 0.498911 0.634259 -0.803454 0.289166 0.520427 -0.64896 -0.173511 0.740773 -0.998305 0.0301798 -0.0497533 -0.876348 -0.475742 0.0753869 -0.998305 0.0301798 -0.0497533 -0.75318 0.00986794 -0.65774 -0.590296 -0.499446 -0.634117 -0.876348 -0.475742 0.0753869 -0.211668 0.240129 -0.947383 0.041635 -0.230737 -0.972125 0.309019 0.586077 -0.749013 0.649264 0.172978 -0.740632 0.503872 0.845064 -0.17883 0.87665 0.475208 -0.0752459 -0.453389 0.867917 0.202877 -0.190459 0.97972 0.0622411 -0.479614 0.849003 -0.221733 -0.706205 0.699943 0.10656 -0.800812 0.574196 -0.17029 -0.681794 0.564332 -0.465495 -0.418867 0.676134 -0.60613 -0.166051 0.844108 -0.509813 -0.0714424 0.969858 -0.232964 0.479612 -0.849005 0.221728 0.479613 -0.849004 0.221729 0.479613 -0.849003 0.221731 0.479615 -0.849002 0.22173 0.479615 -0.849002 0.221729 0.479613 -0.849003 0.221732 0.479612 -0.849003 0.221736 0.479611 -0.849003 0.221735 0.479612 -0.849004 0.221732 0.209806 -0.236481 0.948714 0.752715 -0.00562477 0.658323 0.998472 -0.0259883 0.0487659 0.803117 -0.285644 -0.522887 0.281086 -0.632489 -0.721767 -0.261824 -0.863345 -0.431374 -0.507582 -0.842978 0.178182 -0.507582 -0.842978 0.178182 -0.312227 -0.583324 0.749832 -0.479611 0.849005 -0.221731 -0.479611 0.849005 -0.221731 -0.479611 0.849005 -0.221731 -0.479611 0.849005 -0.221731 -0.479612 0.849003 -0.221734 -0.479612 0.849003 -0.221734 -0.479612 0.849003 -0.221734 -0.479612 0.849003 -0.221734 -0.479614 0.849004 -0.221727 -0.479614 0.849004 -0.221727 -0.479614 0.849004 -0.221727 -0.479614 0.849004 -0.221727 -0.479614 0.849003 -0.221732 -0.479614 0.849003 -0.221732 -0.479614 0.849003 -0.221732 -0.479614 0.849003 -0.221732 -0.479616 0.849003 -0.221726 -0.479616 0.849003 -0.221726 -0.479616 0.849003 -0.221726 -0.479616 0.849003 -0.221726 -0.479611 0.849006 -0.221724 -0.479611 0.849006 -0.221724 -0.479611 0.849006 -0.221724 -0.479611 0.849006 -0.221724 -0.479616 0.849002 -0.221732 -0.479616 0.849002 -0.221732 -0.479616 0.849002 -0.221732 -0.479616 0.849002 -0.221732 -0.479613 0.849003 -0.221731 -0.479613 0.849003 -0.221731 -0.479613 0.849003 -0.221731 -0.479613 0.849003 -0.221731 -0.0491854 0.244083 0.968506 0.582663 0.512756 0.630543 0.599924 0.482093 0.638496 -0.0318799 0.213438 0.976436 -0.656735 -0.159579 0.737044 -0.639387 -0.190196 0.74499 -0.884093 -0.461772 0.0717431 -0.866728 -0.492366 0.0797376 -0.598076 -0.485472 -0.637669 -0.884093 -0.461772 0.0717431 -0.866728 -0.492366 0.0797376 -0.580731 -0.516064 -0.629627 0.0337709 -0.216798 -0.975632 0.0510701 -0.24741 -0.967564 0.641324 0.186867 -0.744167 0.658579 0.156225 -0.736116 0.868679 0.489056 -0.0788706 0.885919 0.458394 -0.070865 0.617125 0.449381 0.64592 -0.0137529 0.181119 0.983365 -0.62037 -0.221924 0.752257 -0.847378 -0.523651 0.0879795 -0.847378 -0.523651 0.0879795 -0.561798 -0.547314 -0.620346 0.069077 -0.279053 -0.957788 0.675694 0.123989 -0.726681 0.902702 0.425716 -0.0624022 0.60311 0.476204 0.639912 -0.0285919 0.207593 0.977797 -0.636002 -0.195978 0.746388 -0.863306 -0.498098 0.0812421 -0.863306 -0.498098 0.0812421 -0.577354 -0.521793 -0.628008 0.054346 -0.253182 -0.965891 0.661755 0.150387 -0.734483 0.88906 0.452509 -0.0693356 0.57876 0.51942 0.628681 -0.0529874 0.250789 0.966591 -0.660441 -0.15281 0.735164 -0.887762 -0.454953 0.0699705 -0.887762 -0.454953 0.0699705 -0.60179 -0.478649 -0.639331 0.0299557 -0.210019 -0.977238 0.637409 0.193579 -0.745813 0.864731 0.495722 -0.080618 0.223676 0.887207 0.403526 -0.301367 0.663951 0.684359 -0.806218 0.328522 0.492023 -0.995142 0.0774147 -0.0608145 -0.995142 0.0774147 -0.0608145 -0.757473 0.0577186 -0.65031 -0.232433 0.280977 -0.931143 0.272418 0.616402 -0.738808 0.461344 0.867512 -0.185967 -0.190459 0.97972 0.0622411 -0.453389 0.867917 0.202877 -0.706205 0.699943 0.10656 -0.800812 0.574196 -0.17029 -0.800812 0.574196 -0.17029 -0.681794 0.564332 -0.465495 -0.418867 0.676134 -0.60613 -0.166051 0.844108 -0.509813 -0.0714424 0.969858 -0.232964 0 0 1 0 0 1 0 0 1 0 0 1 0 0 -1 0 0 -1 0 0 -1 0 0 -1 0 -1 0 0 -1 0 0 -1 0 0 -1 0 0.961317 -0.275445 0 0.961317 -0.275445 0 0.961317 -0.275445 0 0.961317 -0.275445 0 -0.999997 0.00252242 0 -0.999997 0.00252242 0 -0.999997 0.00252242 0 -0.999997 0.00252242 0 0 0 1 1.45616e-08 0 1 1.45616e-08 0 1 0 0 1 0 1 0 0 1 0 0 1 0 0 1 0 0 0 -1 0 0 -1 0 0 -1 0 0 -1 0 -1 0 0 -1 0 0 -1 0 0 -1 0 1 0 0 1 0 0 1 0 0 1 0 0 -1 0 0 -1 0 0 -1 0 0 -1 0 0 0 1 0 0 1 0 0 1 0 0 1 0 0 0 -1 0 0 -1 0 0 -1 0 0 -1 0 -1 0 0 -1 0 0 -1 0 0 -1 0 -1.45465e-08 0 1 -1.45465e-08 0 1 0 0 1 0 0 1 0 1 0 0 1 0 0 0 -1 0 0 -1 0 -1 0 0 -1 0 0 0 1 0 0 1 0 0 1 0 0 1 0 1 0 0 1 0 0 0 -1 0 0 -1 0 -1 0 0 -1 0 0 0 1 0 0 1 0 0 1 0 0 1 -1.55849e-08 0 1 -1.55849e-08 0 1 1.55667e-08 0 1 1.55668e-08 0 1 1.56778e-07 0 1 1.56778e-07 0 1 -1.60766e-07 0 1 -1.60766e-07 0 1 1.60413e-07 0 1 1.60413e-07 0 1 -1.56439e-07 0 1 -1.56439e-07 0 1 1 0 0 1 0 0 1 0 0 1 0 0 0 1 0 0 1 0 0 1 0 0 1 0 -1 0 0 -1 0 0 -1 0 0 -1 0 0 0 -1 0 0 -1 0 0 -1 0 0 -1 0 1 0 0 1 0 0 1 0 0 1 0 0 0 1 0 0 1 0 0 1 0 0 1 0 -1 0 0 -1 0 0 -1 0 0 -1 0 0 0 -1 0 0 -1 0 0 -1 0 0 -1 0 0 0 1 0 0 1 0 0 1 0 0 1 0 0 -1 0 0 -1 0 0 -1 0 0 -1 0 -1 0 0 -1 0 0 -1 0 0 -1 0 0.961317 -0.275445 0 0.961317 -0.275445 0 0.961317 -0.275445 0 0.961317 -0.275445 0 -0.999997 0.00252242 0 -0.999997 0.00252242 0 -0.999997 0.00252242 0 -0.999997 0.00252242 0 0 0 1 0 0 1 0 0 1 0 0 1 0 0 -1 0 0 -1 0 0 -1 0 0 -1 0 -1 0 0 -1 0 0 -1 0 0 -1 0 -0.961317 -0.275445 0 -0.961317 -0.275445 0 -0.961317 -0.275445 0 -0.961317 -0.275445 0 0.999997 0.00252242 0 0.999997 0.00252242 0 0.999997 0.00252242 0 0.999997 0.00252242 0 </float_array>
          <technique_common>
            <accessor count="1355" offset="0" source="#meshId0-normals-array" stride="3">
              <param name="X" type="float" />
              <param name="Y" type="float" />
              <param name="Z" type="float" />
            </accessor>
          </technique_common>
        </source>
        <source id="meshId0-tangents" name="meshId0-tangents">
          <float_array id="meshId0-tangents-array" count="4065"> -0.47785 -0.447664 -0.755815 -0.398527 -0.497492 -0.770505 0.5084 1.00604e-06 -0.861121 0.478776 -2.90472e-06 -0.877937 0.882176 0.466499 -0.0643798 0.861292 0.496289 -0.10896 0.88445 -0.0541223 0.463485 0.883677 0.0683471 0.46308 0.856715 -0.502125 -0.117942 0.890096 -0.453491 -0.045545 0.419949 -2.71553e-06 -0.907548 0.449389 1.16999e-06 -0.893336 -0.441577 0.471286 -0.763479 -0.393755 0.500282 -0.771152 -0.88494 -0.0427046 -0.463742 -0.882953 0.0793837 -0.462701 0.462982 -0.00111468 -0.886367 0.462984 -0.00187567 -0.886365 0.462986 -0.00300678 -0.886361 0.462983 -0.00174218 -0.886365 0.465338 -0.00345131 -0.885127 0.465337 -0.00279141 -0.885129 0.465335 -0.00181281 -0.885133 0.465337 -0.00290728 -0.885129 0.467002 -0.00419532 -0.884246 0.467002 -0.00376493 -0.884248 0.467002 -0.00312359 -0.884251 0.467002 -0.00383803 -0.884248 0.467013 -0.00310738 -0.884245 0.467014 -0.00280533 -0.884245 0.467015 -0.00235105 -0.884246 0.467014 -0.00285407 -0.884245 0.46533 -0.00473378 -0.885125 0.465332 -0.00424404 -0.885126 0.465336 -0.00350138 -0.885127 0.465332 -0.00432004 -0.885126 0.462957 -0.000911394 -0.88638 0.462956 -0.0013947 -0.88638 0.462953 -0.00212927 -0.88638 0.462956 -0.00131976 -0.88638 0.461287 -0.00175321 -0.887249 0.461287 -0.00177923 -0.887249 0.461287 -0.00181858 -0.887249 0.461287 -0.00177504 -0.887249 0.46131 -0.00181214 -0.887237 0.46131 -0.00191979 -0.887237 0.46131 -0.0020811 -0.887237 0.46131 -0.00190155 -0.887237 -0.0885198 0.683159 0.724885 -0.0468207 0.620737 0.782619 -0.462684 -0.000217003 0.886523 -0.441439 -3.24677e-08 0.897291 -0.62352 -0.618157 0.47865 -0.516017 -0.689588 0.50813 -0.494278 -0.846603 -0.197363 -0.32771 -0.92904 -0.171727 -0.159181 -0.619187 -0.76894 -0.0418916 -0.651504 -0.757488 0.107822 0.028056 -0.993774 0.106229 1.56535e-06 -0.994342 0.72965 1.15205e-06 -0.683821 0.728042 -0.0250733 -0.685074 0.692192 0.63749 -0.338344 0.622835 0.660498 -0.419308 0.427492 0.857598 0.285966 0.327201 0.929269 0.17146 0.0123448 0.429505 0.90298 -0.459406 -0.0052573 0.888211 -0.745015 -0.434567 0.506068 -0.714487 -0.682299 -0.154844 -0.317858 -0.499624 -0.805818 0.385648 0.0885924 -0.918383 0.499812 -0.0430914 -0.865061 0.795092 0.562888 -0.225801 0.5246 0.693185 0.494256 0.226173 0.269724 0.935999 -0.46426 0.000826083 0.885699 -0.900011 -0.26422 0.346653 -0.838183 -0.382191 -0.389074 -0.297777 -0.240619 -0.923813 0.465979 -0.107639 -0.878224 0.452313 0.152286 -0.878762 0.908455 0.312078 -0.278058 0.785156 0.412651 0.46179 0.295183 0.00749177 0.955411 -0.464144 0.00521237 0.885744 -0.953584 0.00749156 0.301034 -0.887635 0.0114406 -0.460406 -0.300801 0.0167919 -0.953539 0.464052 0.0205811 -0.885569 0.464052 0.0205971 -0.885569 0.955244 0.0167997 -0.29534 0.88374 0.0114473 0.467838 0.893668 -0.447232 -0.0366094 0.860655 -0.497115 -0.110224 0.418282 -1.2821e-06 -0.908317 0.449051 2.57959e-06 -0.893506 -0.45017 0.465822 -0.761812 -0.401554 0.495713 -0.770079 -0.884414 -0.0548828 -0.463465 -0.883721 0.0676296 -0.463102 -0.390301 -0.502285 -0.771605 -0.468821 -0.453682 -0.757878 0.506891 9.46474e-07 -0.86201 0.478484 -2.97049e-06 -0.878096 0.878802 0.471718 -0.0720404 0.857888 0.500648 -0.115666 0.88497 -0.0419301 0.463757 0.882902 0.0801104 0.462673 0.465329 -0.000409954 -0.885138 0.465329 -0.000622089 -0.885138 0.465328 -0.000937397 -0.885138 0.465329 -0.000584876 -0.885138 0.462956 -0.00534004 -0.886365 0.462956 -0.00536066 -0.886365 0.462956 -0.00539125 -0.886365 0.462956 -0.00535704 -0.886365 0.4613 -0.00414448 -0.887235 0.4613 -0.00391642 -0.887236 0.461301 -0.00357655 -0.887236 0.4613 -0.00395515 -0.887235 0.461289 -0.00356581 -0.887243 0.461289 -0.00367136 -0.887242 0.461289 -0.0038301 -0.887242 0.461289 -0.00365433 -0.887242 0.462968 -0.00485882 -0.886362 0.462967 -0.00438962 -0.886365 0.462967 -0.00367811 -0.886368 0.462967 -0.00446243 -0.886364 0.46535 -4.32328e-05 -0.885127 0.46535 -0.000178763 -0.885127 0.465351 -0.000384756 -0.885126 0.46535 -0.000157748 -0.885127 0.467022 -0.0016493 -0.884244 0.467022 -0.00158396 -0.884244 0.467022 -0.00148514 -0.884244 0.467022 -0.00159448 -0.884244 0.466999 -0.00147652 -0.884257 0.467 -0.000780078 -0.884257 0.467001 0.000263453 -0.884257 0.466999 -0.000898107 -0.884257 -0.545919 0.683098 0.485128 -0.617059 0.620662 0.483753 -0.465869 -0.000255597 0.884854 -0.486895 -2.29121e-06 0.87346 -0.0389767 -0.618248 0.785016 -0.124489 -0.689652 0.71336 0.44338 -0.846747 0.293995 0.327417 -0.929172 0.171573 0.722688 -0.619297 -0.306911 0.646444 -0.651601 -0.396896 0.755598 0.0280369 -0.654436 0.756904 -1.59733e-07 -0.653526 0.146729 -3.20008e-08 -0.989177 0.148741 -0.0250894 -0.988558 -0.115921 0.637408 -0.761757 -0.00994229 0.660426 -0.750826 -0.4786 0.857482 -0.188853 -0.327433 0.929164 -0.171584 -0.74963 0.429359 0.503692 -0.469026 -0.00542629 0.883168 0.00773113 -0.434753 0.900517 0.533796 -0.682479 0.499284 0.843367 -0.499799 -0.197316 0.535567 0.088471 -0.839846 0.426723 -0.0432264 -0.903349 -0.266933 0.56276 -0.782335 -0.705078 0.693057 -0.150125 -0.898399 0.269554 0.346729 -0.464069 0.000632262 0.885799 0.227149 -0.264407 0.937279 0.796884 -0.382356 0.46774 0.929043 -0.240771 -0.280906 0.456904 -0.107761 -0.882964 0.465141 0.152139 -0.872065 -0.288401 0.311949 -0.905269 -0.826614 0.412506 -0.382816 -0.259304 0.64617 0.717792 -0.0394537 -0.19109 0.980779 -0.0470633 -0.278321 0.959334 -0.256212 0.644166 0.720698 0.360918 -0.708643 0.60627 0.307111 -0.894555 0.324738 0.689161 -0.70194 0.179829 0.55336 -0.646788 -0.52484 -0.424408 0.0637783 -0.903222 -0.209656 0.521841 -0.826878 -0.0725958 0.35814 -0.930841 -0.253224 -0.464117 -0.848806 -0.243751 0.958501 -0.147858 -0.206241 0.956798 -0.204943 -0.0967669 -0.32216 0.941727 -0.254294 0.641021 0.724173 0.15497 -0.963772 0.217088 0.152125 -0.657417 -0.738011 0.105938 0.324068 -0.940083 0.152796 -0.657334 -0.737947 -0.14569 0.965609 -0.215347 -0.158152 -0.313013 0.936489 -0.256056 0.637173 0.726943 -0.022547 -0.965554 0.259225 -0.240964 -0.805314 -0.54167 0.256342 0.430453 -0.865447 0.545318 -0.429199 -0.720011 -0.0951287 0.980586 -0.171471 -0.197568 -0.257596 0.945839 -0.258956 0.634013 0.728676 -0.156585 -0.884774 0.438926 -0.387309 -0.921824 -0.0152357 0.306884 0.692958 -0.652405 0.651061 0.28274 -0.704398 -0.0849748 0.992949 -0.082659 -0.26566 0.636113 0.724421 -0.265859 0.641233 0.719819 1 -7.84472e-08 0 1 -2.69322e-09 0 1 0 0 1 -7.5754e-08 0 1 0 0 1 0 0 1 0 0 1 0 0 1 0 0 1 5.01277e-10 -1.57321e-08 1 7.89432e-08 -3.15264e-08 1 2.17737e-09 -8.69543e-10 1 0 0 1 0 0 0.464156 0 -0.885753 0.464041 2.10147e-06 -0.885814 0.464157 0 -0.885753 0.464157 0 -0.885753 -0.914702 5.44655e-07 -0.40413 -0.914702 5.44653e-07 -0.404129 -0.914711 5.12068e-07 -0.40411 -0.914709 5.12074e-07 -0.404114 0.464278 3.94949e-06 -0.88569 0.464156 0 -0.885753 0.464156 0 -0.885753 0.464156 0 -0.885753 0.895258 0 0.445547 0.895258 0 0.445547 0.895258 0 0.445548 0.895258 0 0.445548 0.885752 0 0.464158 0.885752 0 0.464158 0.885752 0 0.464158 0.885752 0 0.464158 0.885753 0 0.464157 0.885753 0 0.464158 0.885753 0 0.464158 0.885753 0 0.464157 0.464156 -3.06134e-13 -0.885754 0.464155 1.79772e-12 -0.885754 0.464154 5.68724e-06 -0.885755 0.464153 6.84541e-06 -0.885755 0.464153 -1.70237e-06 -0.885755 0.464153 -5.71819e-06 -0.885755 0.464153 3.67973e-13 -0.885755 0.464153 -6.8059e-08 -0.885755 0.464156 -9.27728e-13 -0.885754 0.464155 5.26597e-13 -0.885754 0.464156 2.5726e-15 -0.885753 0.464156 4.71109e-08 -0.885753 0.464156 8.23691e-06 -0.885754 0.464156 4.31491e-06 -0.885754 0.855525 0 0.517762 0.855524 0 0.517763 0.855518 0 0.517773 0.855519 0 0.517771 0.885753 0 0.464157 0.885753 0 0.464157 0.885753 0 0.464157 0.885753 0 0.464157 0.868789 2.09279e-07 0.495183 0.868789 2.09279e-07 0.495183 0.868789 9.57231e-14 0.495183 0.868789 -7.88307e-14 0.495183 0.885753 0 0.464157 0.885753 0 0.464157 0.885753 0 0.464157 0.885753 0 0.464157 0.885753 0 0.464158 0.885753 0 0.464157 0.885753 0 0.464157 0.885753 0 0.464158 0.464155 1.12236e-05 -0.885754 0.464156 -5.4487e-06 -0.885754 0.464156 -6.56017e-06 -0.885754 0.464155 1.21479e-05 -0.885754 0.885753 0 0.464157 0.885753 0 0.464157 0.885753 0 0.464157 0.885753 0 0.464157 0.464156 0 -0.885753 0.464572 5.94874e-06 -0.885535 0.464156 0 -0.885753 0.464156 0 -0.885753 0.885753 0 0.464157 0.885753 0 0.464157 0.885753 0 0.464157 0.885753 0 0.464157 0.464153 -1.14205e-05 -0.885755 0.464153 -1.23452e-05 -0.885755 0.885753 0 0.464158 0.885752 0 0.464158 0.885753 0 0.464158 0.885753 0 0.464158 0.463776 -4.88626e-06 -0.885952 0.464156 0 -0.885753 0.464157 0 -0.885753 0.464157 0 -0.885753 0.885753 0 0.464158 0.885753 0 0.464158 0.464155 5.07136e-06 -0.885754 0.464155 8.63435e-06 -0.885754 0.885753 0 0.464157 0.885753 0 0.464157 0.468491 3.92029e-06 -0.883468 0.464156 0 -0.885753 0.885753 0 0.464157 0.885753 0 0.464157 0.464153 -5.04556e-06 -0.885755 0.464153 -8.60536e-06 -0.885755 0.885752 0 0.464158 0.885753 0 0.464158 0.459582 -6.41161e-06 -0.888135 0.464157 0 -0.885753 0.885753 0 0.464157 0.885753 0 0.464157 0.464156 2.12008e-06 -0.885753 0.464156 1.74505e-06 -0.885753 0.885753 0 0.464158 0.885753 0 0.464158 0.468688 -8.96771e-06 -0.883364 0.464156 0 -0.885753 0.885753 0 0.464158 0.885753 0 0.464158 0.464153 -2.13209e-06 -0.885755 0.464153 -1.77084e-06 -0.885755 0.885753 0 0.464158 0.885753 0 0.464158 0.464156 0 -0.885753 0.459664 -2.37971e-06 -0.888093 0.885753 0 0.464158 0.885753 0 0.464158 0.464156 3.96632e-06 -0.885754 0.464156 6.33951e-06 -0.885754 0.885752 0 0.464158 0.885752 0 0.464158 0.468687 -2.9815e-06 -0.883364 0.464156 0 -0.885753 0.885753 0 0.464158 0.885753 0 0.464158 0.464153 -3.93158e-06 -0.885755 0.464153 -6.3239e-06 -0.885755 0.885752 0 0.464158 0.885752 0 0.464158 0.459664 -2.53894e-06 -0.888093 0.464157 0 -0.885753 0.885752 0 0.464158 0.885752 0 0.464158 0.464155 -4.91455e-06 -0.885754 0.464155 -4.10321e-06 -0.885754 0.885753 0 0.464158 0.885753 0 0.464158 0.468491 1.02901e-06 -0.883468 0.464156 0 -0.885753 0.885753 0 0.464157 0.885753 0 0.464157 0.464153 4.92217e-06 -0.885755 0.464153 4.12831e-06 -0.885755 0.885752 0 0.464158 0.885752 0 0.464158 0.459582 1.17558e-06 -0.888135 0.464157 0 -0.885753 0.464156 0 -0.885754 0.464155 0 -0.885754 0.468636 2.22389e-06 -0.883391 0.468636 2.38359e-06 -0.883391 0.464156 0 -0.885754 0.468717 -1.69216e-07 -0.883348 0.464155 0 -0.885754 0.464271 -1.17726e-06 -0.885693 0.464155 0 -0.885754 0.464156 0 -0.885754 0.895258 0 0.445549 0.895258 0 0.445549 0.895258 0 0.445548 0.895258 0 0.445548 0.464156 2.33505e-13 -0.885754 0.464156 7.78966e-13 -0.885754 0.868789 -7.41955e-08 0.495183 0.868786 0 0.495187 0.868786 0 0.495188 0.868788 -7.41954e-08 0.495183 0.464155 0 -0.885754 0.464155 0 -0.885754 0.464156 0 -0.885754 0.464035 -4.79368e-06 -0.885817 0.464155 0 -0.885754 0.45981 -1.68842e-06 -0.888017 0.464155 0 -0.885754 0.459612 1.31637e-06 -0.88812 0.464156 0 -0.885754 0.459613 7.30075e-06 -0.88812 0.464155 0 -0.885754 0.45981 -3.52267e-06 -0.888018 0.464155 0 -0.885754 0.46374 -5.45084e-06 -0.885972 0.464155 0 -0.885754 0.464156 0 -0.885754 0.855525 0 0.517762 0.855525 0 0.517762 0.855525 0 0.517761 0.855525 0 0.517761 0.464155 1.76222e-12 -0.885754 0.464155 2.44461e-13 -0.885754 -0.914713 0 -0.404105 -0.914712 0 -0.404107 -0.914708 3.6309e-07 -0.404116 -0.914709 3.63089e-07 -0.404114 0.464155 0 -0.885754 0.464155 0 -0.885754 0.464156 0 -0.885754 0.464535 3.63646e-06 -0.885555 0.464155 0 -0.885754 0.468717 5.04924e-06 -0.883348 0.46416 -4.35888e-06 -0.885752 0.46416 -4.39906e-06 -0.885752 0.46416 -4.14831e-06 -0.885751 0.46416 -4.15194e-06 -0.885752 -0.067226 -1.09705e-05 -0.997738 -0.067226 -1.00006e-05 -0.997738 0.464156 2.73749e-07 -0.885754 0.464156 2.5092e-07 -0.885753 0.464156 4.21153e-08 -0.885753 0.464156 6.47464e-08 -0.885753 0.858649 1.11139e-05 -0.512564 0.858649 1.20867e-05 -0.512564 0.464157 -8.33062e-07 -0.885753 0.464157 -8.11418e-07 -0.885753 0.464157 -5.42459e-07 -0.885753 0.464157 -5.88409e-07 -0.885753 -0.041759 4.8972e-06 -0.999128 -0.0938802 -9.30747e-07 -0.995584 0.464158 2.6547e-06 -0.885752 0.464158 2.6531e-06 -0.885753 0.464158 2.40296e-06 -0.885752 0.464158 2.45038e-06 -0.885752 0.872045 -5.95881e-06 -0.489426 0.845296 -1.2087e-05 -0.534299 0.464156 -1.00976e-07 -0.885753 0.464156 -1.0212e-07 -0.885753 0.464156 -2.42343e-07 -0.885753 0.464156 -2.35814e-07 -0.885753 -0.0938802 1.25276e-05 -0.995583 -0.0417589 3.79775e-05 -0.999128 0.464156 -5.00584e-07 -0.885753 0.464156 -4.75725e-07 -0.885753 0.464156 -3.5756e-07 -0.885754 0.464156 -3.62923e-07 -0.885754 0.845296 -2.92101e-05 -0.534299 0.872045 -1.57564e-06 -0.489426 0.464153 3.49109e-06 -0.885755 0.464153 3.51211e-06 -0.885755 0.464153 3.42522e-06 -0.885755 0.464153 3.38631e-06 -0.885755 -0.0672258 -5.86637e-05 -0.997738 -0.0672258 1.3017e-06 -0.997738 0.464161 5.97218e-06 -0.885751 0.464161 5.99489e-06 -0.885751 0.464161 6.08196e-06 -0.885751 0.464161 6.03305e-06 -0.885751 0.858649 1.92401e-05 -0.512564 0.858649 7.91858e-05 -0.512564 0.464152 7.05559e-06 -0.885756 0.464152 7.05327e-06 -0.885756 0.464151 6.74572e-06 -0.885756 0.464151 6.77104e-06 -0.885756 -0.0417663 3.92764e-05 -0.999127 -0.0938746 2.49862e-05 -0.995584 0.464159 2.96882e-06 -0.885752 0.464159 2.99169e-06 -0.885752 0.464159 3.27177e-06 -0.885752 0.464159 3.25871e-06 -0.885752 0.872043 -3.11631e-05 -0.48943 0.8453 -4.42736e-05 -0.534292 0.464155 5.95044e-07 -0.885754 0.464155 6.18091e-07 -0.885754 0.464155 6.40817e-07 -0.885754 0.464155 6.15701e-07 -0.885754 -0.0938746 -2.2757e-05 -0.995584 -0.0417663 -1.397e-05 -0.999127 0.464153 -2.73173e-06 -0.885755 0.464153 -2.73222e-06 -0.885755 0.464153 -2.80923e-06 -0.885755 0.464153 -2.78416e-06 -0.885755 0.8453 2.34012e-05 -0.534292 0.872043 3.17698e-05 -0.48943 1 3.70539e-15 -7.04518e-06 1 -2.39138e-15 4.54681e-06 1 2.4483e-15 -4.65504e-06 1 5.16349e-16 -9.81752e-07 1 7.49342e-17 -1.42475e-07 1 -5.80661e-16 1.10403e-06 1 1.4914e-18 -2.83566e-09 1 6.58032e-17 -1.25114e-07 1 -7.17119e-17 1.36348e-07 1 0 0 1 -1.82541e-16 3.47071e-07 1 -1.1188e-16 2.12721e-07 1 6.46261e-16 -1.22876e-06 1 7.22952e-16 -1.37457e-06 1 -2.43331e-16 4.62653e-07 1 2.22762e-16 -4.23545e-07 1 -3.15572e-15 6.00008e-06 1 -1.4118e-15 2.68431e-06 1 7.98087e-15 -1.51743e-05 1 4.33477e-16 -8.24186e-07 1 0 0 1 0 0 1 0 0 1 0 0 1 0 0 1 0 0 1 0 0 1 0 0 1 0 0 1 0 0 1 0 0 1 0 0 1 0 0 1 0 0 1 0 0 1 0 0 1 -7.84472e-08 0 1 -2.69322e-09 0 1 0 0 1 -7.5754e-08 0 1 0 0 1 0 0 1 0 0 1 0 0 1 0 0 1 5.21851e-10 -1.63779e-08 1 8.16653e-08 -3.26136e-08 1 2.25251e-09 -8.99556e-10 1 0 0 1 0 0 1 -7.84472e-08 0 1 -2.69322e-09 0 1 0 0 1 -7.5754e-08 0 1 0 0 1 0 0 1 0 0 1 0 0 1 0 0 1 5.01274e-10 -1.57321e-08 1 7.89432e-08 -3.15265e-08 1 2.17742e-09 -8.69568e-10 1 0 0 1 0 0 7.75075e-06 1 0 3.43024e-06 1 0 1.48845e-07 1 0 3.82349e-06 1 0 -7.73996e-06 -1 0 -2.84367e-06 -1 0 2.61714e-06 -1 0 -3.32732e-06 -1 0 0 0 1 0 0 1 0 0 1 0 0 1 0 0 1 0 0 1 0 0 1 0 0 1 0 0 1 0 0 1 0 0 1 0 0 1 1 -0.000132016 0 1 -0.000132454 0 1 -0.00013318 0 1 -0.000132742 0 1 -1.592e-07 0 1 -8.03621e-08 0 1 -7.75592e-08 0 1 -1.56397e-07 0 1 0 1.28348e-06 1 0 7.36203e-07 1 0 0 1 0 5.47275e-07 1 0 0 1 9.92403e-10 -3.11461e-08 1 1.58342e-07 -6.32351e-08 1 4.36741e-09 -1.74416e-09 1 0 0 1 0 0 1 0 0 1 0 0 1 0 0 1 2.10603e-06 0.000130378 -0.0666147 0 0.997779 -0.0666235 0 0.997778 -0.0666259 0 0.997778 -0.0666152 0 0.997779 1 -1.67177e-06 -0.000136931 1 0 0 1 0 0 1 0 0 0.0209004 0 -0.999781 0.0209004 0 -0.999782 0.0209004 0 -0.999781 0.0209005 0 -0.999782 0 0 -1 0 0 -1 0 0 -1 0 0 -1 0 0 -1 0 0 -1 0 0 -1 0 0 -1 1 0 0 1 1.10881e-05 -7.58401e-08 1 9.48734e-06 -7.19241e-08 1 0 0 1 -7.94188e-06 -3.88682e-07 1 3.32425e-06 -3.70782e-07 1 3.21135e-06 -3.63997e-07 1 -1.40966e-05 -3.87186e-07 1 0 0 1 0 0 1 -3.36718e-06 2.33665e-07 1 7.8108e-06 2.40568e-07 1 1.42397e-05 2.38974e-07 1 -2.91156e-06 2.2939e-07 -0.0615167 0 -0.998106 -0.0615173 0 -0.998106 -0.0615173 0 -0.998106 -0.0615173 0 -0.998106 0 0 -1 0 0 -1 0 0 -1 0 0 -1 -0.0353522 0 -0.999375 -0.0353582 0 -0.999375 -0.0353592 0 -0.999375 -0.0353535 0 -0.999375 0 0 -1 0 0 -1 0 0 -1 0 0 -1 0 0 -1 0 0 -1 0 0 -1 0 0 -1 1 5.61394e-06 0 1 4.29992e-06 0 1 -1.1409e-05 0 1 -9.74816e-06 0 0 0 -1 0 0 -1 0 0 -1 0 0 -1 1 0 0 1 0 0 1 0 0 1 6.57461e-06 -0.00046987 0 0 -1 0 0 -1 0 0 -1 0 0 -1 1 -3.83317e-06 -8.21303e-08 1 -5.14296e-06 -8.02508e-08 0 0 -1 0 0 -1 0 0 -1 0 0 -1 1 -4.87819e-06 0.000428742 1 0 0 1 0 0 1 0 0 0 0 -1 0 0 -1 1 2.64829e-06 0 1 6.22802e-06 0 0 0 -1 0 0 -1 1 0 0 0.999988 3.38431e-06 -0.00490019 0 0 -1 0 0 -1 1 -6.2362e-06 9.3633e-08 1 -2.65414e-06 9.16716e-08 0 0 -1 0 0 -1 0.999987 -6.40219e-06 0.00515708 1 0 0 0 0 -1 0 0 -1 1 -8.42885e-06 -1.86614e-07 1 -4.31816e-06 -1.83998e-07 0 0 -1 0 0 -1 1 0 0 0.999987 -8.96774e-06 -0.0051225 0 0 -1 0 0 -1 1 4.30666e-06 1.38325e-07 1 8.42022e-06 1.39634e-07 0 0 -1 0 0 -1 0.999987 -2.37836e-06 0.00506476 1 0 0 0 0 -1 0 0 -1 1 -8.16489e-06 -2.6167e-09 1 -8.12436e-06 2.61669e-09 0 0 -1 0 0 -1 1 0 0 0.999987 1.05147e-06 -0.00512246 0 0 -1 0 0 -1 1 8.11255e-06 -1.63544e-09 1 8.15321e-06 1.63544e-09 0 0 -1 0 0 -1 0.999987 -2.53661e-06 0.00506468 1 0 0 0 0 -1 0 0 -1 1 -2.62434e-06 7.84634e-09 1 -8.65205e-06 -7.8463e-09 0 0 -1 0 0 -1 1 0 0 0.999988 -3.12165e-06 -0.00490009 0 0 -1 0 0 -1 1 8.66399e-06 -1.87491e-08 1 2.63066e-06 -2.75762e-08 0 0 -1 0 0 -1 0.999987 1.18111e-06 0.00515704 1 0 0 1 0 0 0.999987 2.3822e-06 -0.00506467 0.999987 2.22388e-06 -0.00506475 1 0 0 1 0 0 0.999987 -1.59814e-07 -0.00515703 1 0 0 1 -1.1692e-06 -0.000130385 1 0 0 1 0 0 0.0208913 0 -0.999782 0.0208995 0 -0.999782 0.0209004 0 -0.999781 0.0208931 0 -0.999782 1 0 0 1 0 0 -0.0353524 0 -0.999375 -0.0353533 0 -0.999375 -0.0353665 0 -0.999374 -0.0353639 0 -0.999375 1 0 0 1 1.16096e-06 0.000136931 1 0 0 1 0 0 1 0 0 0.999988 2.70597e-06 0.00490008 1 0 0 0.999987 -3.82054e-06 0.00512245 1 0 0 0.999987 6.19909e-06 0.0051225 1 0 0 0.999988 -2.70134e-06 0.00490018 1 0 0 1 -5.73362e-06 0.000469869 1 0 0 1 0 0 -0.0615174 0 -0.998106 -0.0615055 0 -0.998107 -0.0615049 0 -0.998107 -0.0615149 0 -0.998106 1 0 0 1 0 0 -0.0666326 0 0.997778 -0.066627 0 0.997778 -0.0666258 0 0.997778 -0.0666314 0 0.997778 1 0 0 1 3.64329e-06 -0.00042874 1 0 0 1 0 0 1 0 0 0.999987 5.05331e-06 -0.00515705 1 0 0 1 0 0 1 0 0 1 0 0 0.852552 -1.00006e-05 0.522643 0.852552 -1.09645e-05 0.522643 1 0 0 1 0 0 1 0 0 1 0 0 0.852552 1.20713e-05 -0.522643 0.852552 1.11069e-05 -0.522643 1 0 0 1 0 0 1 0 0 1 0 0 0.838273 -8.99714e-07 0.54525 0.865604 4.92256e-06 0.500729 1 0 0 1 0 0 1 0 0 1 0 0 0.865602 -1.20566e-05 -0.500733 0.838271 -5.92091e-06 -0.545254 1 0 0 1 0 0 1 0 0 1 0 0 0.865604 -5.66498e-06 0.500729 0.838274 -2.30267e-05 0.54525 1 0 0 1 0 0 1 0 0 1 0 0 0.838271 2.93743e-05 -0.545254 0.865602 1.08787e-05 -0.500733 1 0 0 1 0 0 1 0 0 1 0 0 0.852552 4.7946e-05 0.522643 0.852552 -5.24167e-05 0.522643 1 0 0 1 0 0 1 0 0 1 0 0 0.852552 8.69425e-05 -0.522643 0.852552 -1.34242e-05 -0.522643 1 0 0 1 0 0 1 0 0 1 0 0 0.838275 1.56441e-05 0.545248 0.865599 4.18371e-05 0.500738 1 0 0 1 0 0 1 0 0 1 0 0 0.8656 -5.04629e-05 -0.500737 0.838276 -2.61549e-05 -0.545247 1 0 0 1 0 0 1 0 0 1 0 0 0.865599 -1.39396e-05 0.500738 0.838275 -2.27189e-05 0.545248 1 0 0 1 0 0 1 0 0 1 0 0 0.838276 3.17696e-05 -0.545247 0.8656 2.34185e-05 -0.500737 0.447667 -0.447667 0.774073 0.999863 0 -0.016579 0.998718 0 -0.0506193 0.497495 -0.497495 0.710632 0.496286 0.496286 -0.71232 0.466495 0.466495 -0.751508 0 0.0683412 -0.997662 0 -0.0541281 -0.998534 0.453487 -0.453487 -0.767267 0.502121 -0.502121 -0.704095 0.999862 0 0.0165962 0.998785 0 0.0492735 0.500283 0.500283 0.706707 0.471288 0.471288 0.745503 -2.1305e-09 0.0793834 0.996844 1.31541e-09 -0.0427047 0.999088 0.999999 -0.00111368 0.00131879 0.999998 -0.00173907 0.00131679 0.999995 -0.00299943 0.00131276 0.999997 -0.00187211 0.00131636 0.999993 -0.00345338 -0.00133337 0.999995 -0.00290912 -0.00133163 0.999997 -0.00181422 -0.00132814 0.999995 -0.00279321 -0.00133126 0.999986 -0.00419671 -0.0032164 0.999987 -0.00383896 -0.00321593 0.99999 -0.00312361 -0.00321499 0.999988 -0.00376578 -0.00321583 0.99999 -0.00310747 -0.00322653 0.999991 -0.00285148 -0.00322688 0.999992 -0.00234311 -0.00322756 0.999991 -0.00280222 -0.00322694 0.999988 -0.00473244 -0.00133114 0.99999 -0.00432139 -0.00133247 0.999993 -0.00350805 -0.00133512 0.99999 -0.00424588 -0.00133272 0.999999 -0.000908624 0.00134947 0.999998 -0.00131744 0.0013508 0.999997 -0.00212784 0.00135342 0.999998 -0.00139246 0.00135104 0.999993 -0.00174985 0.00323274 0.999993 -0.00177168 0.00323277 0.999993 -0.00181522 0.00323283 0.999993 -0.00177587 0.00323278 0.999993 -0.0018088 0.00320815 0.999993 -0.00190095 0.00320802 0.999993 -0.00208599 0.00320778 0.999993 -0.00191975 0.003208 -0.683158 0.683159 -0.25805 -0.999676 -3.17813e-11 -0.0254698 -0.999999 -0.000216373 -0.00165304 -0.714942 0.620736 -0.321785 -0.689588 -0.68959 0.221213 -0.713372 -0.618159 0.330119 0 -0.92904 0.369979 -0.0546057 -0.846603 0.529416 0.651502 -0.651504 0.3887 0.607202 -0.619188 0.497907 0.930051 3.1946e-08 0.367431 0.930286 0.0280553 0.365761 0.944366 3.20013e-08 -0.328896 0.660495 0.660497 -0.357057 0.620973 0.637487 -0.456073 0.94473 -0.0250736 -0.326887 0 0.929269 -0.369404 -0.0548718 0.857594 -0.511391 -0.999972 -0.0052578 -0.00534614 -0.79409 0.429509 -0.43005 -0.794052 -0.434572 0.425004 -0.194478 -0.6823 0.704731 0.566213 -0.499624 0.655575 0.992462 0.0885921 0.0846839 0.569053 0.562883 -0.599451 0.998221 -0.0430967 -0.0411931 -0.194294 0.693188 -0.694075 -1 0.000825833 0.000122464 -0.72409 0.269721 -0.634779 -0.724793 -0.264219 0.636289 -0.044421 -0.382191 0.923015 0.680053 -0.240618 0.692555 0.994177 -0.107642 -0.00511623 0.667954 0.312077 -0.675607 0.98831 0.152285 0.00723845 -0.0445963 0.41265 -0.909797 -0.999986 0.00521813 0 -0.709252 0.007492 -0.704915 -0.709252 0.00749192 0.704915 -0.00419525 0.0114378 0.999926 0.704978 0.0167912 0.709031 0.999788 0.0205815 -1.29089e-07 0.704978 0.0167995 -0.70903 0.999788 0.0205969 1.2909e-07 -0.00419522 0.0114444 -0.999926 0.447229 -0.447229 -0.774579 0.999856 0 0.0169745 0.998693 0 0.0511065 0.497113 -0.497113 -0.711167 0.495715 0.495715 0.713115 0.465824 0.465824 0.75234 -6.95954e-09 0.0676239 0.997711 -7.27104e-09 -0.0548889 0.998492 0.453687 -0.453687 0.767031 0.502289 -0.502289 0.703855 0.999868 0 -0.0162468 0.998805 0 -0.0488698 0.500645 0.500645 -0.706193 0.471714 0.471714 -0.744964 -7.57931e-09 0.0801099 -0.996786 -8.32795e-09 -0.0419301 -0.999121 0.999999 -0.000408605 -0.00132104 0.999999 -0.000582242 -0.00132048 0.999999 -0.000932173 -0.00131936 0.999999 -0.000619181 -0.00132037 0.999985 -0.0053407 0.00133938 0.999985 -0.0053595 0.00133944 0.999985 -0.00539732 0.00133957 0.999985 -0.0053635 0.00133946 0.999986 -0.00414193 0.00321517 0.999987 -0.00395395 0.00321492 0.999988 -0.00357806 0.00321443 0.999987 -0.0039155 0.00321487 0.999988 -0.00356747 0.00322631 0.999988 -0.00365594 0.00322619 0.999987 -0.00383163 0.00322595 0.999988 -0.00367296 0.00322616 0.999987 -0.00485854 0.00132957 0.999989 -0.00446005 0.00133086 0.999992 -0.00367155 0.00133343 0.999989 -0.00438684 0.0013311 0.999999 -4.18784e-05 -0.00134549 0.999999 -0.000156628 -0.00134587 0.999999 -0.000384101 -0.00134661 0.999999 -0.000177687 -0.00134594 0.999993 -0.00164862 -0.00323377 0.999994 -0.00159294 -0.00323369 0.999994 -0.00148187 -0.00323354 0.999994 -0.00158225 -0.00323368 0.999994 -0.00147324 -0.00320819 0.999995 -0.000895595 -0.00320896 0.999995 0.00026443 -0.0032105 0.999995 -0.000777729 -0.00320911 -0.683094 0.6831 0.258374 -0.999666 -3.22489e-11 0.0258568 -0.999998 -0.00025427 0.00194078 -0.714896 0.620664 0.322026 -0.689646 -0.689651 -0.22084 -0.713424 -0.618246 -0.329844 0 -0.929171 -0.36965 -0.0546094 -0.846746 -0.529186 0.651602 -0.651599 -0.388373 0.607286 -0.619294 -0.497673 0.930184 0 -0.367092 0.930384 0.0280364 -0.365513 0.944272 0 0.329166 0.660429 0.660427 0.357309 0.620918 0.637409 0.456258 0.944659 -0.0250896 0.327093 0 0.929165 0.369665 -0.0548687 0.857483 0.511579 -0.99997 -0.00542711 0.00551789 -0.794091 0.429362 0.430196 -0.79405 -0.434757 -0.424819 -0.194476 -0.682481 -0.704556 0.566228 -0.499789 -0.655436 0.992483 0.0884689 -0.0845651 0.569051 0.562762 0.599566 0.99821 -0.0432292 0.0413201 -0.194296 0.693057 0.694206 -1 0.000632532 -9.3814e-05 -0.724111 0.269555 0.634825 -0.72477 -0.264407 -0.636237 -0.0444223 -0.382354 -0.922948 0.680032 -0.240769 -0.692522 0.994164 -0.10776 0.00512187 0.667979 0.311948 0.675642 0.988331 0.152147 -0.00723177 -0.0445955 0.412504 0.909863 -0.814292 0.434401 -0.385 -0.649066 0.425056 -0.630906 -0.62279 0.754991 -0.205235 -0.507281 0.840797 -0.189015 -0.349452 0.478666 -0.805458 -0.61597 0.691321 -0.377698 0.0581879 0.526756 -0.848023 -0.455855 0.76859 -0.448848 -0.00588988 0.798201 0.602362 -0.411566 0.772941 0.482882 -0.691558 0.718076 0.0781936 -0.46124 0.873929 0.153319 -0.672987 0.667113 0.319451 -0.737631 0.649173 -0.185675 -0.813931 0.570359 0.110485 -0.595402 0.72151 -0.353439 -0.863546 0.488015 -0.127008 -0.473723 0.825201 -0.307619 0.856764 0.487133 -0.16928 0.959049 0.199231 -0.201326 0.875951 0.448331 -0.17807 0.684153 0.713376 -0.151753 0.598239 0.753385 -0.272986 0.722904 0.617252 -0.3105 0.89532 0.418887 -0.151447 0.982642 0.185001 -0.0137452 0.994623 0.0517149 -0.0897227 -0.776939 -0.528324 -0.342403 -0.776939 -0.528325 -0.342401 -0.776937 -0.528326 -0.342403 -0.776936 -0.528328 -0.342403 -0.776936 -0.528327 -0.342405 -0.776937 -0.528327 -0.342403 -0.776937 -0.528327 -0.342404 -0.776937 -0.528326 -0.342404 -0.776938 -0.528325 -0.342403 -0.555709 0.769511 0.314705 -0.187374 0.956777 0.222415 0.0340217 0.984524 -0.171916 -0.0865227 0.812376 -0.576679 -0.447298 0.579057 -0.681628 -0.754089 0.461954 -0.466849 -0.848062 0.452284 -0.276099 -0.851733 0.522134 0.0439043 -0.78152 0.606467 0.146372 -0.108122 -0.307943 -0.945241 -0.514694 -0.476846 -0.712536 -0.611436 -0.504595 -0.609533 -0.181844 -0.343371 -0.921428 0.342537 -0.0514977 -0.938092 0.0256879 -0.239001 -0.97068 -0.0693486 -0.288578 -0.954942 0.289742 -0.0852933 -0.953297 0.535967 0.0833702 -0.840113 0.472772 0.0371485 -0.880402 0.453243 0.0233272 -0.891082 0.524984 0.0751614 -0.847787 0.309652 0.400192 0.862532 0.495745 0.470671 0.729867 0.545704 0.486474 0.682312 0.344111 0.414431 0.842516 -0.235849 0.118658 0.964518 0.137256 0.322162 0.936682 0.243602 0.371581 0.895871 -0.172926 0.156278 0.972458 -0.717715 -0.234183 0.655777 -0.363164 0.0379707 0.930951 -0.238514 0.117034 0.964061 -0.669795 -0.190975 0.717568 -0.873746 -0.48536 0.0315275 -0.783791 -0.300894 0.543263 -0.711694 -0.228564 0.664267 -0.877478 -0.463768 0.122277 -0.616788 -0.505917 -0.603009 -0.852021 -0.511011 -0.113696 -0.874296 -0.48387 0.0384076 -0.671587 -0.517796 -0.529961 -0.507584 0.829018 -0.234706 -0.500918 0.837537 -0.218203 -0.46442 0.859684 -0.212737 -0.47009 0.858933 -0.203101 -0.496279 0.827345 -0.263074 -0.481496 0.854458 -0.1951 -0.462196 0.841393 -0.280058 -0.497972 0.845097 -0.19451 -0.4968 0.848919 -0.180348 -0.467044 0.86792 -0.169067 -0.495452 0.831434 -0.251483 -0.475916 0.842692 -0.251743 -0.503428 0.83961 -0.203998 -0.465108 0.851457 -0.24227 -0.496809 0.840253 -0.217155 -0.461614 0.856412 -0.231236 -0.493776 0.842047 -0.217122 -0.462044 0.858703 -0.221686 -0.421323 0.882003 -0.211089 -0.414873 0.893777 -0.170421 -0.446687 0.888353 -0.106299 -0.52959 0.845485 -0.0684748 -0.516326 0.773917 -0.366687 -0.432204 0.833574 -0.344027 -0.404389 0.869834 -0.282593 -0.416303 0.877703 -0.237337 -0.428386 0.875713 -0.22274 -0.452548 0.864905 -0.217117 -0.446363 0.872601 -0.198311 -0.460207 0.872721 -0.162997 -0.50468 0.852214 -0.137945 -0.497099 0.811452 -0.307308 -0.449355 0.845253 -0.289184 -0.436022 0.864207 -0.251061 -0.446373 0.866142 -0.224829 -0.456096 0.862536 -0.219107 -0.591178 0.798258 -0.11529 -0.709424 0.671767 -0.213184 -0.659422 0.586317 -0.470526 -0.386222 0.653531 -0.650945 -0.422949 0.866225 0.266024 -0.673252 0.734661 0.0836992 -0.690016 0.703003 -0.172234 -0.565325 0.775185 -0.281952 -0.501197 0.841437 -0.201953 -0.860497 0.374188 -0.345727 -0.762781 0.262789 -0.590854 -0.45172 0.195234 -0.870536 0.0734152 0.172026 -0.982353 -0.00984433 0.536401 0.843906 -0.522225 0.544223 0.656584 -0.820504 0.457418 0.342843 -0.899219 0.436295 0.0324441 -0.884354 0.4328 -0.174937 -0.892704 -0.146468 -0.426178 -0.574073 -0.110235 -0.81135 -0.160627 -0.0118103 -0.986944 0.178301 -0.0428706 -0.983042 0.128604 0.442557 0.887471 -0.138405 0.525318 0.839574 -0.50492 0.381374 0.774345 -0.838917 0.150814 0.522948 -0.995553 -0.0549587 0.0765035 -4.95276e-06 1 0 -2.83624e-06 1 0 -8.55859e-07 1 0 -2.6243e-06 1 0 4.96567e-06 -1 0 2.58201e-06 -1 0 -6.29121e-07 -1 0 2.32075e-06 -1 0 0 0 1 0 0 1 0 0 1 0 0 1 0 0 1 0 0 1 0 0 1 0 0 1 0 0 1 0 0 1 0 0 1 0 0 1 0.99999 0.00447188 0 0.99999 0.00446674 -1.45615e-08 0.99999 0.00446872 -1.45615e-08 0.99999 0.00446761 0 0.99999 0 -0.00446745 0.99999 0 -0.00446944 0.99999 0 -0.00446827 0.99999 0 -0.00446745 0.99999 -0.00446755 0 0.99999 -0.00446781 0 0.99999 -0.00446503 0 0.99999 -0.00445902 0 0.99999 0 0.00447426 0.99999 0 0.00447195 0.99999 0 0.00447162 0.99999 0 0.00447426 0 -0.99999 -0.00446889 0 -0.99999 -0.00446886 0 -0.99999 -0.00446878 0 -0.99999 -0.00446881 0 0.99999 -0.00446834 0 0.99999 -0.00446842 0 0.99999 -0.00446866 0 0.99999 -0.00446859 0.99999 0 -0.00445909 0.99999 0 -0.00444909 0.99999 0 -0.00446882 0.99999 0 -0.0044681 0.99999 -0.00445364 0 0.99999 -0.0044681 0 0.99999 -0.00446854 0 0.99999 -0.00443756 0 0.99999 0 0.00447119 0.99999 0 0.00445535 0.99999 0 0.00444036 0.99999 0 0.00447266 0.99999 0.00446341 1.45464e-08 0.99999 0.00448086 1.45464e-08 0.99999 0.00447377 0 0.99999 0.00444796 0 0.99999 0 -0.004425 0.99999 0 -0.00449067 0.99999 -0.0044918 0 0.99999 -0.00445505 0 0.99999 0 0.00446987 0.99999 0 0.00446866 1 0 0 1 0 0 1 0 0 1 0 0 0.99999 0 -0.0044276 0.99999 0 -0.00449359 0.99999 -0.00445556 0 0.99999 -0.00449276 0 0.99999 0 0.00446805 0.99999 0 0.00446923 1 0 0 1 0 0 1 0 0 1 0 0 0.99999 0.00443502 1.55847e-08 0.99999 0.0044757 1.55847e-08 0.99999 0.00446403 -1.55666e-08 0.99999 0.00441877 -1.55666e-08 0.99999 0.00444873 -1.56777e-07 0.99999 0.00447061 -1.56777e-07 0.99999 0.00451469 1.60764e-07 0.99999 0.00452307 1.60764e-07 0.99999 0.00444628 -1.60411e-07 0.99999 0.00442868 -1.60412e-07 0.99999 0.00452534 1.56437e-07 0.99999 0.00449243 1.56437e-07 0 0.00879861 -0.999961 0 0.00879861 -0.999961 0 0.00879861 -0.999961 0 0.00879861 -0.999961 -0.00879861 0 -0.999961 -0.00879872 0 -0.999961 -0.00879887 0 -0.999961 -0.00879876 0 -0.999961 0 -0.00879887 -0.999961 0 -0.00879827 -0.999961 0 -0.00879808 -0.999961 0 -0.00879868 -0.999961 0.00879808 0 -0.999961 0.00879808 0 -0.999961 0.00879807 0 -0.999961 0.00879808 0 -0.999961 0 -0.00419387 -0.999991 0 -0.00419489 -0.999991 0 -0.0041952 -0.999991 0 -0.00419419 -0.999991 0.00419521 0 -0.999991 0.00419455 0 -0.999991 0.00419361 0 -0.999991 0.00419427 0 -0.999991 0 0.0041936 -0.999991 0 0.00419436 -0.999991 0 0.0041946 -0.999991 0 0.00419384 -0.999991 -0.0041946 0 -0.999991 -0.0041946 0 -0.999991 -0.00419459 0 -0.999991 -0.00419459 0 -0.999991 -4.94586e-06 1 0 -1.67947e-06 1 0 1.37682e-06 1 0 -1.35239e-06 1 0 4.96567e-06 -1 0 1.29544e-06 -1 0 -3.64889e-06 -1 0 8.93164e-07 -1 0 0 0 1 0 0 1 0 0 1 0 0 1 0 0 1 0 0 1 0 0 1 0 0 1 0 0 1 0 0 1 0 0 1 0 0 1 5.53627e-06 1 0 2.47435e-06 1 0 1.48845e-07 1 0 2.75304e-06 1 0 -5.50728e-06 -1 0 -2.09476e-06 -1 0 1.71121e-06 -1 0 -2.43184e-06 -1 0 0 0 1 0 0 1 0 0 1 0 0 1 0 0 1 0 0 1 0 0 1 0 0 1 0 0 1 0 0 1 0 0 1 0 0 1 </float_array>
          <technique_common>
            <accessor count="1355" offset="0" source="#meshId0-tangents-array" stride="3">
              <param name="X" type="float" />
              <param name="Y" type="float" />
              <param name="Z" type="float" />
            </accessor>
          </technique_common>
        </source>
        <source id="meshId0-bitangents" name="meshId0-bitangents">
          <float_array id="meshId0-bitangents-array" count="4065"> -0.814822 0.547357 0.19096 -0.856418 0.502495 0.118518 -0.861121 5.53289e-08 -0.5084 -0.877937 -4.73327e-08 -0.478776 -0.337701 0.531393 -0.776904 -0.387882 0.50368 -0.771916 0.0479387 0.998534 0.0251218 -0.0605384 0.997662 -0.0317243 0.397888 0.497866 0.770594 0.316234 0.542534 0.778237 0.907548 -1.71465e-06 0.419949 0.893336 -1.56292e-06 0.449389 0.835036 0.527152 -0.15756 0.858622 0.49972 -0.114227 -0.0378247 0.999088 -0.0198236 0.0703148 0.996844 0.0368456 -0.00231638 0.999994 -0.00246751 -0.00196405 0.999993 -0.00314203 -0.00144036 0.99999 -0.00414461 -0.00202586 0.999993 -0.0030237 -0.00123056 0.999989 -0.00454612 -0.00153764 0.999991 -0.00396203 -0.00199302 0.999993 -0.00309583 -0.00148372 0.999991 -0.00406458 0.000783342 0.99999 -0.00433075 0.000582352 0.999992 -0.00395019 0.000282843 0.999994 -0.00338308 0.000616489 0.999992 -0.00401482 0.00263712 0.999994 -0.00212134 0.00249606 0.999995 -0.00185425 0.00228391 0.999996 -0.00145256 0.00251883 0.999995 -0.00189736 0.00508214 0.999984 -0.00267626 0.00485424 0.999986 -0.00224277 0.00450866 0.999988 -0.00158542 0.00488961 0.999985 -0.00231005 0.00330123 0.999994 0.000696022 0.00352498 0.999994 0.000267627 0.00386506 0.999992 -0.000383485 0.00349029 0.999994 0.000334052 0.00199871 0.999998 -0.000936856 0.00201072 0.999997 -0.000959941 0.00202887 0.999997 -0.000994854 0.00200878 0.999997 -0.000956224 -0.000345954 0.999997 -0.00222232 -0.000296292 0.999997 -0.00231783 -0.000221877 0.999997 -0.00246096 -0.000304707 0.999997 -0.00230165 0.940449 -0.182471 0.286811 0.91484 -0.287946 0.283116 0.879025 -0.129899 0.458738 0.897291 -4.74118e-07 0.441439 0.747951 -0.293434 0.59537 0.791206 -0.156421 0.591206 0.745163 -0.52955 0.40535 0.8229 -0.369979 0.43122 0.907435 -0.398559 0.133088 0.943676 -0.274851 0.184207 0.991859 -0.0711484 0.105606 0.994342 -5.50244e-08 0.106229 0.683821 -1.06408e-06 0.72965 0.682178 -0.0722535 0.727608 0.659625 -0.368582 0.655014 0.710181 -0.252477 0.65719 0.766585 -0.511554 0.388151 0.823104 -0.369404 0.431325 0.622705 -0.709865 0.329136 0.634959 -0.701198 0.324267 0.630372 -0.706775 0.321094 0.619677 -0.719875 0.312699 0.590157 -0.769442 0.244281 0.664302 -0.717432 0.209747 0.583275 -0.721596 0.372947 0.606118 -0.724448 0.328324 0.61785 -0.709399 0.339138 0.176404 -0.956352 0.232963 0.12955 -0.989181 0.0688293 0.28678 -0.957887 0.0144566 0.336285 -0.923808 0.183006 0.115224 -0.969698 0.21543 -0.00820679 -0.993056 0.117359 0.112327 -0.987195 -0.113261 0.311146 -0.949115 -0.0486779 0.368134 -0.91061 0.187795 0.00221151 -0.999972 0.00715792 -0.00241932 -0.999987 0.00461689 -0.00714404 -0.999972 0.00225524 -0.0101557 -0.999935 -0.00526771 -0.00505173 -0.999859 -0.016014 0.00955258 -0.999788 -0.0182299 0.00956001 -0.999788 -0.0182441 0.0160501 -0.999859 -0.00496249 0.0101171 -0.999934 0.00535583 0.305996 0.547704 0.778708 0.389292 0.502868 0.771735 0.908317 -4.87141e-07 0.418282 0.893506 -3.63497e-07 0.449051 0.830435 0.531987 -0.16543 0.855003 0.504253 -0.121241 -0.0486117 0.998493 -0.025476 0.0599035 0.99771 0.03139 -0.860198 0.497705 0.111128 -0.82005 0.542379 0.182601 -0.86201 4.04665e-08 -0.506891 -0.878096 -4.06635e-08 -0.478484 -0.346386 0.526766 -0.776231 -0.395353 0.499347 -0.77094 0.0371396 0.999121 0.0194625 -0.0709577 0.996786 -0.0371844 0.00302329 0.999995 0.00112624 0.00312201 0.999995 0.000938468 0.00326873 0.999994 0.000659375 0.00310469 0.999995 0.000971407 0.00530475 0.999981 -0.00325382 0.0053143 0.999981 -0.0032721 0.00532845 0.99998 -0.00329921 0.00531262 0.999981 -0.00326889 0.00309378 0.999991 -0.00306264 0.00298857 0.999992 -0.00286029 0.00283179 0.999993 -0.00255875 0.00300644 0.999991 -0.00289466 0.000454903 0.999993 -0.00378245 0.00050359 0.999992 -0.00387609 0.000576818 0.999992 -0.00401694 0.000495734 0.999992 -0.00386098 -0.000629817 0.999983 -0.00581063 -0.000847044 0.999985 -0.00539474 -0.00117645 0.999988 -0.00476408 -0.000813333 0.999985 -0.00545928 -0.0028633 0.999995 -0.00155421 -0.00280023 0.999995 -0.00167417 -0.00270437 0.999995 -0.0018565 -0.00281001 0.999995 -0.00165557 -0.000413625 0.999998 -0.00208366 -0.000444141 0.999998 -0.00202588 -0.00049029 0.999998 -0.00193851 -0.000439227 0.999998 -0.00203519 0.00186745 0.999998 -0.000683537 0.00154221 0.999999 -6.77026e-05 0.00105488 0.999999 0.000855048 0.00159733 0.999999 -0.00017207 -0.770877 -0.182699 -0.610221 -0.753289 -0.288103 -0.591229 -0.877341 -0.129899 -0.461951 -0.87346 3.90261e-07 -0.486895 -0.915207 -0.293257 -0.276399 -0.936367 -0.15616 -0.314376 -0.757506 -0.52932 -0.382106 -0.823019 -0.369647 -0.431279 -0.626065 -0.39839 -0.670319 -0.68876 -0.274619 -0.670965 -0.651524 -0.0711553 -0.755284 -0.653526 -4.65786e-08 -0.756904 -0.989177 2.70789e-08 -0.146729 -0.986553 -0.0722473 -0.146605 -0.913969 -0.368714 -0.169441 -0.944554 -0.252653 -0.209726 -0.755328 -0.511747 -0.409384 -0.823011 -0.369667 -0.431277 -0.624877 -0.70995 -0.324807 -0.627886 -0.701197 -0.337761 -0.622781 -0.706662 -0.335817 -0.609919 -0.719706 -0.331697 -0.536919 -0.769329 -0.346195 -0.550627 -0.717446 -0.42671 -0.638694 -0.721586 -0.267177 -0.61487 -0.724546 -0.311397 -0.630359 -0.709525 -0.314996 -0.29179 -0.9564 -0.0125242 -0.130235 -0.989181 -0.0675239 -0.175145 -0.957836 -0.22776 -0.342006 -0.92374 -0.172443 -0.24286 -0.96966 0.0279055 -0.0918841 -0.993042 0.0736484 0.02913 -0.987218 -0.156691 -0.137014 -0.949157 -0.283422 -0.363796 -0.910675 -0.195762 0.60127 0.689623 -0.403602 0.444865 0.87554 0.188481 0.774196 0.596706 0.211097 0.862739 0.488642 -0.130044 0.319468 0.7047 0.633512 0.73452 0.439774 0.516797 0.0924127 0.33129 0.938992 0.739263 0.091046 0.667234 0.550781 -0.773566 -0.313426 0.787349 -0.411333 -0.459224 0.979384 -0.150807 -0.134404 0.888028 -0.459587 -0.013629 0.763282 0.0955399 -0.638963 0.95468 0.150825 -0.256588 0.964792 0.202129 0.168284 0.966698 0.190784 0.170579 0.964073 0.195522 0.179819 0.987941 0.122914 0.0941512 0.963828 0.199056 0.177233 0.987838 0.123361 0.0946523 0.965519 0.186243 0.181898 0.969253 -0.230281 0.086716 0.887216 -0.143649 0.43842 0.976444 -0.0769241 -0.201595 0.867121 0.0720491 -0.492859 0.73204 0.498229 0.464635 0.715954 0.685207 0.133793 0.790435 0.179114 0.585774 0.790468 -0.612501 -0.00169869 0.64531 -0.447772 0.61893 0.785808 -0.380824 -0.487318 0.527973 -0.208223 -0.823339 0.324477 0.568237 0.756189 0.0698782 0.901762 0.426547 0.47445 0.113273 0.872964 -0.0297422 0.745656 -0.665666 0.0279119 -0.741258 0.67064 7.84472e-08 1 -0 2.69322e-09 1 -0 0 1 0 7.5754e-08 1 -0 0 0 -1 0 0 -1 0 0 -1 0 0 -1 0 -0.0318472 0.999493 1.57401e-08 -0.0318471 0.999493 8.50055e-08 -0.928683 0.370875 2.34457e-09 -0.928683 0.370875 -0 0 1 -0 0 1 -0 1 0 -9.75168e-07 1 1.86151e-06 -0 1 0 -0 1 0 0.40413 1.23276e-06 -0.914702 0.404129 1.23277e-06 -0.914702 0.40411 1.15908e-06 -0.914711 0.404114 1.15908e-06 -0.914709 -1.83366e-06 1 3.49802e-06 -0 1 0 -0 1 0 -0 1 0 -0.445547 0 0.895258 -0.445547 0 0.895258 -0.445548 0 0.895258 -0.445548 0 0.895258 -0 1 -0 -0 1 -0 -0 1 -0 -0 1 -0 0 1 -0 0 1 -0 0 1 -0 0 1 -0 -5.29174e-07 1 -2.773e-07 1.15219e-06 1 6.03774e-07 -3.45054e-06 1 4.61263e-06 -3.85279e-06 1 5.70939e-06 7.90163e-07 1 -1.50789e-06 2.65412e-06 1 -5.06492e-06 2.87319e-07 1 1.50561e-07 2.6283e-07 1 6.08911e-08 -9.75892e-07 1 -5.11391e-07 6.38833e-07 1 3.34764e-07 -1.44524e-07 1 -7.57338e-08 -2.0144e-07 1 -5.23722e-08 -3.82321e-06 1 7.29587e-06 -2.00279e-06 1 3.82194e-06 -0.517762 0 0.855525 -0.517763 0 0.855524 -0.517773 0 0.855518 -0.517771 0 0.855519 0 1 -0 0 1 -0 0 1 -0 0 1 -0 -0.495183 3.67177e-07 0.868789 -0.495183 3.67177e-07 0.868789 -0.495183 1.67944e-13 0.868789 -0.495183 -1.38307e-13 0.868789 -0 1 -0 -0 1 -0 -0 1 -0 -0 1 -0 0 1 -0 0 1 -0 0 1 -0 0 1 -0 -5.20949e-06 1 9.94133e-06 3.06957e-06 1 -4.54296e-06 3.49525e-06 1 -5.57472e-06 -5.63851e-06 1 1.076e-05 -0 1 -0 -0 1 -0 -0 1 -0 -0 1 -0 -0 1 0 -2.76362e-06 1 5.26782e-06 -0 1 0 -0 1 0 0 1 -0 0 1 -0 0 1 -0 0 1 -0 5.30086e-06 1 -1.01158e-05 5.73004e-06 1 -1.09348e-05 -0 1 -0 -0 1 -0 -0 1 -0 -0 1 -0 2.26613e-06 1 -4.32899e-06 -0 1 0 -0 1 0 -0 1 0 0 1 -0 0 1 -0 -2.3539e-06 1 4.49198e-06 -4.00768e-06 1 7.64791e-06 -0 1 -0 -0 1 -0 -1.83662e-06 1 3.46345e-06 -0 1 0 0 1 -0 0 1 -0 2.34191e-06 1 -4.46913e-06 3.99421e-06 1 -7.62224e-06 -0 1 -0 -0 1 -0 2.94667e-06 1 -5.69438e-06 -0 1 0 0 1 -0 0 1 -0 -9.8405e-07 1 1.87787e-06 -8.09977e-07 1 1.54569e-06 -0 1 -0 -0 1 -0 4.20306e-06 1 -7.92176e-06 -0 1 0 0 1 -0 0 1 -0 9.89617e-07 1 -1.88851e-06 8.21943e-07 1 -1.56853e-06 -0 1 -0 -0 1 -0 -0 1 0 1.09387e-06 1 -2.11341e-06 0 1 -0 0 1 -0 -1.84099e-06 1 3.51318e-06 -2.94252e-06 1 5.61525e-06 -0 1 -0 -0 1 -0 1.39739e-06 1 -2.63375e-06 -0 1 0 0 1 -0 0 1 -0 1.82486e-06 1 -3.48242e-06 2.93526e-06 1 -5.60143e-06 -0 1 -0 -0 1 -0 1.16706e-06 1 -2.25481e-06 -0 1 0 0 1 -0 0 1 -0 2.28111e-06 1 -4.35308e-06 1.90452e-06 1 -3.63443e-06 -0 1 -0 -0 1 -0 -4.82084e-07 1 9.09101e-07 -0 1 0 0 1 -0 0 1 -0 -2.28464e-06 1 4.35984e-06 -1.91617e-06 1 3.65667e-06 -0 1 -0 -0 1 -0 -5.40274e-07 1 1.04407e-06 -0 1 0 -0 1 0 -0 1 0 -1.0422e-06 1 1.96457e-06 -1.11704e-06 1 2.10565e-06 -0 1 0 7.93144e-08 1 -1.49476e-07 -0 1 0 5.46566e-07 1 -1.04269e-06 -0 1 0 -0 1 0 -0.445549 0 0.895258 -0.445549 0 0.895258 -0.445548 0 0.895258 -0.445548 0 0.895258 -2.15935e-06 1 -1.13155e-06 -2.12181e-06 1 -1.11188e-06 -0.495183 -1.30174e-07 0.868789 -0.495187 -0 0.868786 -0.495188 -0 0.868786 -0.495183 -1.30174e-07 0.868788 -0 1 0 -0 1 0 -0 1 0 2.22443e-06 1 -4.24632e-06 -0 1 0 7.7635e-07 1 -1.49934e-06 -0 1 0 -6.05018e-07 1 1.16909e-06 -0 1 0 -3.35552e-06 1 6.48394e-06 -0 1 0 1.61976e-06 1 -3.1282e-06 -0 1 0 2.52777e-06 1 -4.82929e-06 -0 1 0 -0 1 0 -0.517762 0 0.855525 -0.517762 0 0.855525 -0.517761 0 0.855525 -0.517761 0 0.855525 2.36599e-06 1 1.23983e-06 2.30225e-06 1 1.20643e-06 0.404105 -0 -0.914713 0.404107 -0 -0.914712 0.404116 8.21848e-07 -0.914708 0.404114 8.2185e-07 -0.914709 -0 1 0 -0 1 0 -0 1 0 -1.68926e-06 1 3.22028e-06 -0 1 0 -2.36666e-06 1 4.46023e-06 0.625846 0.707644 0.327958 0.625846 0.707644 0.327958 0.625846 0.707644 0.327958 0.625846 0.707644 0.327958 -7.37504e-07 1 -1.09457e-05 -6.72304e-07 1 -9.97802e-06 -0.625853 0.707636 -0.327962 -0.625853 0.707636 -0.327962 -0.625853 0.707636 -0.327962 -0.625853 0.707636 -0.327962 -9.54296e-06 1 5.69659e-06 -1.03782e-05 1 6.1952e-06 0.5758 0.759876 0.301733 0.5758 0.759876 0.301733 0.5758 0.759876 0.301733 0.5758 0.759876 0.301733 2.04502e-07 1 4.89293e-06 -8.73788e-08 1 -9.26636e-07 -0.680175 0.640564 -0.356428 -0.680175 0.640564 -0.356428 -0.680175 0.640564 -0.356428 -0.680175 0.640564 -0.356428 5.19635e-06 1 -2.91639e-06 1.02171e-05 1 -6.45806e-06 0.600221 0.735395 0.31453 0.600221 0.735395 0.31453 0.600221 0.735395 0.31453 0.600221 0.735395 0.31453 -1.17609e-06 -1 -1.24723e-05 -1.5859e-06 -1 -3.79443e-05 -0.708468 0.600202 -0.371255 -0.708468 0.600202 -0.371255 -0.708468 0.600202 -0.371255 -0.708468 0.600202 -0.371255 -2.46912e-05 -1 1.56069e-05 -1.37403e-06 -1 7.7116e-07 0.652569 0.676177 0.341962 0.652569 0.676177 0.341962 0.652569 0.676177 0.341962 0.652569 0.676177 0.341962 3.94372e-06 -1 5.85309e-05 -8.75082e-08 -1 -1.29876e-06 -0.652569 0.676177 -0.341962 -0.652569 0.676177 -0.341962 -0.652569 0.676177 -0.341962 -0.652569 0.676177 -0.341962 1.65205e-05 -1 -9.86176e-06 6.79928e-05 -1 -4.05878e-05 0.708442 0.600241 0.371241 0.708442 0.600241 0.371241 0.708443 0.600241 0.371241 0.708442 0.600241 0.371241 -1.64043e-06 -1 -3.92421e-05 -2.34557e-06 -1 -2.48759e-05 -0.600247 0.735368 -0.314544 -0.600247 0.735368 -0.314544 -0.600247 0.735368 -0.314544 -0.600247 0.735368 -0.314544 -2.71756e-05 -1 1.52522e-05 -3.74245e-05 -1 2.3655e-05 0.680203 0.640525 0.356442 0.680203 0.640525 0.356443 0.680203 0.640525 0.356443 0.680203 0.640525 0.356443 -2.1363e-06 1 -2.26565e-05 -5.83476e-07 1 -1.39578e-05 -0.575813 0.759863 -0.30174 -0.575813 0.759863 -0.30174 -0.575813 0.759863 -0.30174 -0.575813 0.759863 -0.30174 -1.97811e-05 1 1.25031e-05 -2.77046e-05 1 1.55491e-05 -7.04518e-06 5.25946e-10 -1 4.54681e-06 5.25947e-10 -1 -4.65504e-06 5.25946e-10 -1 -9.81752e-07 5.25946e-10 -1 -1.42475e-07 5.25947e-10 -1 1.10403e-06 5.25947e-10 -1 -2.83566e-09 5.25947e-10 -1 -1.25114e-07 5.25947e-10 -1 1.36348e-07 5.25947e-10 -1 0 5.25947e-10 -1 3.47071e-07 5.25946e-10 -1 2.12721e-07 5.25947e-10 -1 -1.22876e-06 5.25946e-10 -1 -1.37457e-06 5.25946e-10 -1 4.62653e-07 5.25947e-10 -1 -4.23545e-07 5.25947e-10 -1 6.00008e-06 5.25946e-10 -1 2.68431e-06 5.25946e-10 -1 -1.51743e-05 5.25947e-10 -1 -8.24185e-07 5.25946e-10 -1 -0 0.707102 0.707111 -0 0.707102 0.707111 -0 0.707102 0.707111 -0 0.707102 0.707111 0 0.707105 -0.707108 0 0.707105 -0.707108 0 0.707105 -0.707108 0 0.707105 -0.707108 0 -0.707105 -0.707108 0 -0.707105 -0.707108 0 -0.707105 -0.707108 0 -0.707105 -0.707108 0 -0.707102 0.707111 0 -0.707102 0.707111 0 -0.707102 0.707111 0 -0.707102 0.707111 7.84472e-08 1 -0 2.69322e-09 1 -0 0 1 0 7.5754e-08 1 -0 0 0 -1 0 0 -1 0 0 -1 0 0 -1 0 -0.031847 0.999493 1.63863e-08 -0.031847 0.999493 8.79368e-08 -0.928682 0.370876 2.42549e-09 -0.928682 0.370876 -0 0 1 -0 0 1 7.84472e-08 1 -0 2.69322e-09 1 -0 0 1 0 7.5754e-08 1 -0 0 0 -1 0 0 -1 0 0 -1 0 0 -1 0 -0.031847 0.999493 1.57401e-08 -0.031847 0.999493 8.50055e-08 -0.928683 0.370875 2.34464e-09 -0.928683 0.370875 -0 0 1 -0 0 1 1 -7.75075e-06 -0 1 -3.43024e-06 -0 1 -1.48845e-07 -0 1 -3.82349e-06 -0 1 -7.73996e-06 -0 1 -2.84367e-06 -0 1 2.61714e-06 0 1 -3.32732e-06 -0 1 -0 -0 1 -0 -0 1 -0 -0 1 -0 -0 0.275445 -0.961317 -0 0.275445 -0.961317 -0 0.275445 -0.961317 -0 0.275445 -0.961317 -0 -0.00252242 0.999997 -0 -0.00252242 0.999997 -0 -0.00252242 0.999997 -0 -0.00252242 0.999997 -0 0.000132016 1 -0 0.000132454 1 -0 0.00013318 1 -0 0.000132742 1 -0 1.592e-07 1 -0 8.03621e-08 1 -0 7.75592e-08 1 -0 1.56397e-07 1 -0 1.28348e-06 0 -1 7.36203e-07 0 -1 0 0 -1 5.47275e-07 0 -1 0 -0.0318468 0.999493 3.11619e-08 -0.0318469 0.999493 1.70501e-07 -0.928682 0.370877 4.7028e-09 -0.928682 0.370878 -0 0 1 -0 0 1 0 1 0 0 1 0 0 1 0 -2.10603e-06 1 -2.74583e-10 0.997779 -0 0.0666147 0.997778 -0 0.0666235 0.997778 -0 0.0666259 0.997779 -0 0.0666152 1.67177e-06 1 -2.28919e-10 -0 1 -0 -0 1 -0 -0 1 -0 -0.999781 -0 -0.0209004 -0.999781 -0 -0.0209004 -0.999781 -0 -0.0209004 -0.999782 -0 -0.0209005 -0 1 0 -0 1 0 -0 1 0 -0 1 0 0 1 0 0 1 0 0 1 0 0 1 0 -0 1 -0 -1.10881e-05 1 8.40924e-13 -9.48734e-06 1 6.82369e-13 -0 1 -0 7.94188e-06 1 -3.08687e-12 -3.32425e-06 1 1.23257e-12 -3.21135e-06 1 1.16892e-12 1.40966e-05 1 -5.45799e-12 -0 1 -0 -0 1 -0 3.36718e-06 1 7.86793e-13 -7.8108e-06 1 -1.87903e-12 -1.42397e-05 1 -3.40291e-12 2.91156e-06 1 6.67881e-13 -0.998106 -0 0.0615167 -0.998106 -0 0.0615173 -0.998106 -0 0.0615173 -0.998106 -0 0.0615173 0 1 0 0 1 0 0 1 0 0 1 0 -0.999375 0 0.0353522 -0.999375 0 0.0353582 -0.999375 0 0.0353592 -0.999375 0 0.0353535 -0 1 0 -0 1 0 -0 1 0 -0 1 0 0 1 0 0 1 0 0 1 0 0 1 0 -5.61395e-06 1 -0 -4.29992e-06 1 -0 1.1409e-05 1 0 9.74816e-06 1 0 -0 1 0 -0 1 0 -0 1 0 -0 1 0 -0 1 -0 -0 1 -0 -0 1 -0 -6.57461e-06 1 3.08924e-09 0 1 0 0 1 0 0 1 0 0 1 0 3.83317e-06 1 -3.14819e-13 5.14296e-06 1 -4.12727e-13 -0 1 0 -0 1 0 -0 1 0 -0 1 0 4.87819e-06 1 2.09148e-09 0 1 0 0 1 0 0 1 0 0 1 0 0 1 0 -2.64829e-06 1 -0 -6.22802e-06 1 -0 -0 1 0 -0 1 0 -0 1 -0 -3.38427e-06 1 1.65837e-08 0 1 0 0 1 0 6.2362e-06 1 5.83914e-13 2.65414e-06 1 2.43309e-13 -0 1 0 -0 1 0 6.4021e-06 1 3.30166e-08 0 1 0 0 1 0 0 1 0 8.42884e-06 1 -1.57294e-12 4.31816e-06 1 -7.9453e-13 -0 1 0 -0 1 0 -0 1 -0 8.96762e-06 1 -4.59373e-08 0 1 0 0 1 0 -4.30666e-06 1 -5.95721e-13 -8.42022e-06 1 -1.17575e-12 -0 1 0 -0 1 0 2.37832e-06 1 1.20458e-08 0 1 0 0 1 0 0 1 0 8.16489e-06 1 -2.13651e-14 8.12436e-06 1 2.12589e-14 -0 1 0 -0 1 0 -0 1 -0 -1.05146e-06 1 5.38611e-09 0 1 0 0 1 0 -8.11255e-06 1 1.32676e-14 -8.15321e-06 1 -1.33341e-14 -0 1 0 -0 1 0 2.53658e-06 1 1.28471e-08 0 1 0 0 1 0 0 1 0 2.62434e-06 1 2.05914e-14 8.65204e-06 1 -6.78866e-14 -0 1 0 -0 1 0 -0 1 -0 3.12161e-06 1 -1.52964e-08 0 1 0 0 1 0 -8.66399e-06 1 1.62442e-13 -2.63066e-06 1 7.25435e-14 -0 1 0 -0 1 0 -1.1811e-06 1 -6.09105e-09 0 1 0 0 1 0 -2.38217e-06 1 1.20651e-08 -2.22386e-06 1 1.12634e-08 0 1 0 0 1 0 1.59812e-07 1 -8.24166e-10 0 1 0 1.1692e-06 1 -1.52439e-10 0 1 0 0 1 0 -0.999782 -0 -0.0208913 -0.999782 -0 -0.0208995 -0.999781 -0 -0.0209004 -0.999782 -0 -0.0208931 -0 1 -0 -0 1 -0 -0.999375 0 0.0353524 -0.999375 0 0.0353533 -0.999374 0 0.0353665 -0.999374 0 0.0353639 -0 1 -0 -1.16096e-06 1 -1.58972e-10 -0 1 -0 -0 1 -0 -0 1 -0 -2.70594e-06 1 -1.32595e-08 -0 1 -0 3.82049e-06 1 1.95705e-08 -0 1 -0 -6.19901e-06 1 -3.17549e-08 -0 1 -0 2.7013e-06 1 1.3237e-08 -0 1 -0 5.73362e-06 1 2.69408e-09 -0 1 -0 -0 1 -0 -0.998106 -0 0.0615174 -0.998107 -0 0.0615055 -0.998107 -0 0.0615049 -0.998106 -0 0.0615149 -0 1 -0 -0 1 -0 0.997777 -0 0.0666326 0.997778 -0 0.066627 0.997778 -0 0.0666258 0.997778 -0 0.0666314 0 1 0 -3.64329e-06 1 1.56202e-09 0 1 0 0 1 0 0 1 0 -5.05324e-06 1 2.60601e-08 0 0.707632 -0.706581 0 0.707632 -0.706581 0 0.707632 -0.706581 0 0.707632 -0.706581 8.52601e-06 1 5.22673e-06 9.34784e-06 1 5.73055e-06 -0 0.707636 0.706577 -0 0.707636 0.706577 -0 0.707636 0.706577 -0 0.707636 0.706577 -1.02914e-05 1 6.30897e-06 -9.46923e-06 1 5.80495e-06 0 0.759874 -0.65007 0 0.759874 -0.65007 0 0.759874 -0.65007 0 0.759874 -0.65007 7.54207e-07 1 4.90569e-07 -4.26099e-06 1 -2.46487e-06 -0 0.640555 0.767913 -0 0.640555 0.767913 -0 0.640555 0.767913 -0 0.640555 0.767913 1.04362e-05 1 -6.03713e-06 4.96333e-06 1 -3.2284e-06 -0 0.735392 -0.677642 -0 0.735392 -0.677642 -0 0.735392 -0.677642 -0 0.735392 -0.677642 -4.90363e-06 -1 -2.83662e-06 -1.93026e-05 -1 -1.25553e-05 -0 0.600214 0.799839 -0 0.600214 0.799839 -0 0.600214 0.799839 -0 0.600214 0.799839 2.46236e-05 -1 -1.60165e-05 9.4166e-06 -1 -5.44731e-06 -0 0.676182 -0.736735 -0 0.676182 -0.736735 -0 0.676182 -0.736735 -0 0.676182 -0.736735 4.08764e-05 -1 2.50586e-05 -4.46879e-05 -1 -2.73952e-05 -0 0.67617 0.736746 -0 0.67617 0.736746 -0 0.67617 0.736746 -0 0.67617 0.736746 7.4123e-05 -1 -4.54399e-05 -1.14448e-05 -1 7.01607e-06 -0 0.600242 -0.799818 -0 0.600242 -0.799818 -0 0.600242 -0.799818 -0 0.600242 -0.799818 1.3114e-05 -1 8.5299e-06 3.62141e-05 -1 2.09494e-05 -0 0.735356 0.677681 -0 0.735356 0.677681 -0 0.735356 0.677681 -0 0.735356 0.677681 -4.36807e-05 -1 2.52687e-05 -2.1925e-05 -1 1.42609e-05 0 0.640527 -0.767935 0 0.640527 -0.767935 0 0.640527 -0.767935 0 0.640527 -0.767935 1.20661e-05 1 6.98007e-06 1.90447e-05 1 1.23874e-05 -0 0.759869 0.650076 -0 0.759869 0.650076 -0 0.759869 0.650076 -0 0.759869 0.650076 -2.66317e-05 1 1.73223e-05 -2.0271e-05 1 1.17265e-05 -0.547353 0.547352 0.633096 0.016579 0 0.999863 0.0506193 0 0.998718 -0.502493 0.502492 0.703564 0.503686 0.503686 0.701854 0.531397 0.531397 0.659724 -0 0.997662 0.0683412 0 0.998534 -0.0541281 -0.54254 0.54254 -0.641327 -0.49787 0.49787 -0.710106 0.0165962 0 -0.999862 0.0492735 0 -0.998785 0.499717 0.499717 -0.707507 0.527151 0.52715 -0.666502 -1.7742e-08 0.996844 -0.0793834 -1.77819e-08 0.999088 0.0427047 0.00110946 0.999994 0.00319579 0.00173485 0.999993 0.00319662 0.00299521 0.99999 0.00319828 0.0018679 0.999993 0.00319679 0.00345761 0.999989 0.00318974 0.00291336 0.999991 0.00319046 0.00181845 0.999993 0.00319192 0.00279745 0.999991 0.00319062 0.00420096 0.99999 0.00131598 0.00384322 0.999992 0.00131713 0.00312786 0.999994 0.00131943 0.00377003 0.999992 0.00131736 0.00310313 0.999994 -0.00134855 0.00284714 0.999995 -0.00134772 0.00233878 0.999996 -0.00134608 0.00279788 0.999995 -0.00134757 0.00472808 0.999983 -0.00325344 0.00431703 0.999985 -0.0032529 0.0035037 0.999989 -0.00325181 0.00424153 0.999986 -0.0032528 0.000913 0.999994 -0.00324588 0.00132182 0.999994 -0.00324533 0.00213222 0.999993 -0.00324423 0.00139684 0.999994 -0.00324523 0.00175416 0.999998 -0.00133286 0.00177599 0.999998 -0.00133279 0.00181953 0.999997 -0.00133265 0.00178018 0.999997 -0.00133278 0.00180453 0.999997 0.00133527 0.00189667 0.999997 0.00133556 0.00208171 0.999997 0.00133616 0.00191547 0.999997 0.00133562 0.182469 -0.182469 -0.966132 0.0254698 3.55433e-10 -0.999676 0.00166714 -0.129899 -0.991526 0.173858 -0.287945 -0.941733 -0.156421 -0.156421 -0.975226 -0.180187 -0.293435 -0.938844 0 -0.369979 -0.92904 -0.0131659 -0.529551 -0.848176 0.274852 -0.274853 -0.921364 0.303311 -0.398562 -0.865535 0.367431 1.53826e-08 -0.930051 0.366835 -0.0711478 -0.927561 -0.328896 -1.37693e-08 -0.944366 -0.252477 -0.252478 -0.934083 -0.274016 -0.368586 -0.88829 -0.327848 -0.0722525 -0.941963 5.15508e-09 -0.369404 -0.929269 0.0120103 -0.511559 -0.859164 0.00749838 -0.701196 -0.712929 -0.00250675 -0.70986 -0.704338 0.00818275 -0.706772 -0.707394 0.0106525 -0.719875 -0.694022 0.0575545 -0.769445 -0.636115 0.122556 -0.717429 -0.685767 -0.00948197 -0.724452 -0.68926 -0.0596171 -0.721592 -0.689746 -0.0136144 -0.709396 -0.704679 -0.000834863 -0.989181 -0.146697 -0.124469 -0.956353 -0.264379 0.120304 -0.957888 -0.260726 -0.00600963 -0.923808 -0.382808 -0.137335 -0.969698 -0.202052 -0.107764 -0.993055 -0.0472011 0.187536 -0.949115 -0.253003 0.152457 -0.987196 -0.0469225 0.00453161 -0.91061 -0.413241 -0.00521813 -0.999986 -1.9215e-08 -0.00531389 -0.999972 -0.00528134 -0.00531379 -0.999972 0.00528133 -4.79269e-05 -0.999935 0.0114377 0.0118391 -0.999859 0.0119072 0.0205815 -0.999788 2.21738e-08 0.011845 -0.999859 -0.011913 0.0205969 -0.999788 2.21738e-08 -4.80258e-05 -0.999935 -0.0114443 -0.54771 0.54771 -0.632478 0.0169745 0 -0.999856 0.0511065 0 -0.998693 -0.502871 0.502871 -0.703024 0.504249 0.504249 -0.701047 0.531985 0.531985 -0.658775 0 0.997711 -0.0676239 0 0.998493 0.0548889 -0.542373 0.542373 0.64161 -0.4977 0.4977 0.710344 0.0162468 0 0.999868 0.0488698 0 0.998805 0.499354 0.499354 0.708019 0.526769 0.526769 0.667105 -0 0.996786 0.0801099 0 0.999121 -0.0419301 0.000404383 0.999995 -0.00319486 0.00057802 0.999995 -0.00319509 0.000927953 0.999994 -0.00319555 0.00061496 0.999995 -0.00319514 0.00534495 0.999981 -0.00318721 0.00536375 0.999981 -0.00318719 0.00540157 0.99998 -0.00318714 0.00536775 0.99998 -0.00318718 0.00414618 0.999991 -0.00131615 0.0039582 0.999991 -0.00131675 0.00358231 0.999993 -0.00131796 0.00391975 0.999991 -0.00131688 0.00356313 0.999993 0.00135003 0.0036516 0.999992 0.00135032 0.00382729 0.999992 0.00135089 0.00366862 0.999992 0.00135037 0.0048542 0.999983 0.00325361 0.0044557 0.999985 0.00325308 0.0036672 0.999988 0.00325203 0.00438249 0.999985 0.00325298 4.62471e-05 0.999995 0.00324706 0.000160998 0.999995 0.0032469 0.000388471 0.999995 0.0032466 0.000182056 0.999995 0.00324687 0.00165294 0.999998 0.00133319 0.00159726 0.999998 0.00133337 0.00148619 0.999998 0.00133373 0.00158657 0.999998 0.0013334 0.00146897 0.999998 -0.00133419 0.000891324 0.999999 -0.00133233 -0.000268697 0.999999 -0.00132861 0.000773458 0.999999 -0.00133195 0.182697 -0.182699 0.966045 0.0258568 -3.60833e-10 0.999665 0.00195737 -0.129899 0.991525 0.17404 -0.288104 0.941651 -0.156157 -0.156158 0.97531 -0.179978 -0.293255 0.938941 0 -0.36965 0.929171 -0.0131513 -0.529321 0.848319 0.274621 -0.27462 0.921502 0.303148 -0.398394 0.865669 0.367092 0 0.930184 0.366587 -0.0711558 0.927659 -0.329166 0 0.944272 -0.252656 -0.252655 0.933986 -0.274145 -0.368718 0.888196 -0.328054 -0.0722475 0.941892 0 -0.369665 0.929165 0.012022 -0.511746 0.859053 0.00773955 -0.701196 0.712927 -0.00234228 -0.709949 0.70425 0.00839072 -0.706658 0.707506 0.010702 -0.719703 0.6942 0.0574317 -0.769337 0.636256 0.122385 -0.717445 0.68578 -0.00957605 -0.724546 0.68916 -0.0598007 -0.721586 0.689738 -0.013579 -0.709524 0.70455 -0.000639451 -0.989181 0.146697 -0.124343 -0.9564 0.264269 0.120446 -0.957836 0.26085 -0.00600177 -0.923741 0.382971 -0.137441 -0.969661 0.202159 -0.107882 -0.993042 0.0472004 0.187445 -0.949157 0.252912 0.152319 -0.987217 0.0469234 0.00453872 -0.910676 0.413095 -0.519595 -0.249839 0.817069 -0.706228 -0.644945 0.292042 -0.781297 -0.613999 0.112163 -0.627584 -0.210116 0.749659 -0.482022 -0.829013 -0.283536 -0.446577 -0.701405 -0.555517 0.000614623 -0.849481 -0.527619 0.155594 -0.427713 -0.890422 0.0578923 0.601634 -0.796671 0.513159 0.634401 -0.578103 0.41629 0.484686 -0.769273 -0.138823 0.0995891 -0.985297 0.708721 0.705194 0.0203967 0.67392 0.7248 -0.14317 0.491959 0.575503 0.653278 0.473236 0.670449 0.571442 -0.0200578 0.218423 0.975648 -0.0840902 0.30532 0.94853 -0.245749 0.0970677 -0.964461 -0.209643 0.0213479 -0.977545 -0.0517723 -0.279632 -0.95871 -0.182236 -0.0342653 -0.982657 -0.028454 -0.320485 -0.946826 0.112103 -0.548206 -0.828796 0.151501 -0.606116 -0.780814 0.0827136 -0.503246 -0.860175 -0.0749705 -0.238121 -0.968338 0.407846 -0.00804882 -0.913015 0.407845 -0.00804964 -0.913016 0.407848 -0.00805029 -0.913014 0.407847 -0.00804886 -0.913015 0.407848 -0.00804672 -0.913014 0.407848 -0.00805025 -0.913014 0.407851 -0.00805359 -0.913013 0.40785 -0.0080533 -0.913013 0.407848 -0.00805131 -0.913014 -0.804468 -0.593236 0.0300331 -0.631119 -0.290767 0.719126 -0.0435434 0.173312 0.983904 0.589506 0.508383 0.627718 0.849067 0.514441 -0.120146 0.602327 0.203062 -0.77199 0.152156 -0.291252 -0.944468 -0.130045 -0.129479 -0.983017 -0.54013 -0.540307 -0.645235 -0.870794 -0.429374 0.239489 -0.710678 -0.227617 0.665678 -0.62938 -0.156764 0.761121 -0.858432 -0.401606 0.319071 -0.807862 -0.525872 -0.266116 -0.877104 -0.471246 0.0928185 -0.874736 -0.442625 0.197282 -0.828264 -0.521458 -0.205084 -0.694773 -0.521768 -0.495023 -0.739227 -0.527079 -0.419202 -0.75136 -0.527871 -0.395993 -0.703109 -0.523014 -0.481762 0.821027 0.345023 -0.454833 0.724022 0.240132 -0.646629 0.687152 0.206247 -0.696624 0.807191 0.327782 -0.490919 0.845188 0.514892 0.143326 0.866677 0.418814 -0.271045 0.842987 0.375662 -0.385035 0.86027 0.504749 0.0718609 0.504834 0.473653 0.721661 0.798802 0.527017 0.290117 0.844443 0.515259 0.146369 0.566876 0.492664 0.660253 -0.0808527 0.208858 0.974598 0.394514 0.434349 0.809753 0.513284 0.476398 0.713852 0.000981539 0.253211 0.967411 -0.624134 -0.15245 0.766299 -0.209836 0.134389 0.968457 -0.0746809 0.212279 0.974351 -0.56475 -0.105264 0.818521 -0.860197 -0.503142 0.0831168 -0.639989 -0.188711 0.744851 -0.651464 -0.168905 0.739639 -0.882043 -0.465488 0.0729523 -0.567808 -0.538549 -0.622542 -0.599455 -0.483454 -0.637907 0.0689588 -0.280757 -0.957298 0.0283841 -0.208295 -0.977654 0.628884 0.208932 -0.748901 0.0158031 -0.182978 -0.98299 0.0575252 -0.257474 -0.964571 0.660497 0.153454 -0.73498 0.863377 0.49805 -0.080788 0.88378 0.462395 -0.0715883 0.584709 0.508975 0.631711 0.594294 0.492089 0.636131 -0.0397723 0.227554 0.972953 -0.0407677 0.229139 0.97254 -0.664562 -0.141873 0.733641 -0.909775 -0.410315 0.0628494 -0.64468 -0.401968 -0.650238 -0.0385285 -0.104617 -0.993766 0.123927 -0.356149 -0.926175 0.705395 0.0748422 -0.704852 0.911974 0.40684 -0.0527607 0.608383 0.462886 0.644675 -0.0401778 0.2278 0.972879 -0.656855 -0.158646 0.737138 -0.894395 -0.442122 0.0677123 -0.619444 -0.447159 -0.645242 -0.000525743 -0.16009 -0.987102 0.0871457 -0.305687 -0.948136 0.68172 0.115237 -0.72248 0.898293 0.434794 -0.0634267 0.602355 0.476635 0.640302 -0.0393434 0.226423 0.973234 -0.561734 -0.304937 0.769069 -0.702788 -0.697018 0.14232 -0.359138 -0.795538 -0.487995 0.250422 -0.604908 -0.755893 -0.181639 0.206572 -0.961423 0.429628 0.4808 -0.764363 0.723174 0.679469 -0.123857 0.523563 0.601345 0.603544 -0.0322778 0.215041 0.976071 -0.457726 -0.269902 0.847136 -0.572139 -0.70008 0.427253 -0.382049 -0.924098 -0.0090014 -0.0655869 -0.982046 -0.176874 0.0979516 0.840405 -0.533033 0.391811 0.836953 -0.382092 0.522253 0.843695 0.124224 0.342337 0.655511 0.673135 -0.0712737 0.245167 0.966857 -0.408418 -0.136732 0.902496 -0.68182 -0.484324 0.548227 -0.689546 -0.714101 0.12077 -0.571759 -0.817595 -0.0680484 0.584945 0.688797 -0.428249 0.718332 0.636844 -0.280052 0.754723 0.630395 0.181648 0.518311 0.514527 0.683093 0.0613941 0.237393 0.969472 -1 -4.95276e-06 0 -1 -2.83624e-06 0 -1 -8.55859e-07 0 -1 -2.6243e-06 0 -1 -4.96567e-06 -0 -1 -2.58201e-06 -0 -1 6.29121e-07 0 -1 -2.32075e-06 -0 -1 0 0 -1 0 0 -1 0 0 -1 0 0 -0.275445 -0.961317 0 -0.275445 -0.961317 0 -0.275445 -0.961317 0 -0.275445 -0.961317 0 0.00252242 0.999997 -0 0.00252242 0.999997 -0 0.00252242 0.999997 -0 0.00252242 0.999997 -0 -0.00447188 0.99999 0 -0.00446674 0.99999 6.50429e-11 -0.00446872 0.99999 6.50718e-11 -0.00446761 0.99999 0 -0.00446745 0 -0.99999 -0.00446944 0 -0.99999 -0.00446827 0 -0.99999 -0.00446745 0 -0.99999 -0.00446755 -0.99999 -0 -0.00446781 -0.99999 -0 -0.00446503 -0.99999 -0 -0.00445902 -0.99999 -0 -0.00447426 0 0.99999 -0.00447195 0 0.99999 -0.00447162 0 0.99999 -0.00447426 0 0.99999 0 0.00446889 -0.99999 0 0.00446886 -0.99999 0 0.00446878 -0.99999 0 0.00446881 -0.99999 -0 -0.00446834 -0.99999 -0 -0.00446842 -0.99999 -0 -0.00446866 -0.99999 -0 -0.00446859 -0.99999 -0.00445909 0 -0.99999 -0.00444909 0 -0.99999 -0.00446882 0 -0.99999 -0.0044681 0 -0.99999 -0.00445364 -0.99999 -0 -0.0044681 -0.99999 -0 -0.00446854 -0.99999 -0 -0.00443756 -0.99999 -0 -0.00447119 0 0.99999 -0.00445535 0 0.99999 -0.00444036 0 0.99999 -0.00447266 0 0.99999 -0.00446341 0.99999 -6.49271e-11 -0.00448086 0.99999 -6.51809e-11 -0.00447377 0.99999 0 -0.00444796 0.99999 0 -0.004425 0 -0.99999 -0.00449067 0 -0.99999 -0.0044918 -0.99999 -0 -0.00445505 -0.99999 -0 -0.00446987 0 0.99999 -0.00446866 0 0.99999 0 1 0 0 1 0 0 1 0 0 1 0 -0.0044276 0 -0.99999 -0.00449359 0 -0.99999 -0.00445556 -0.99999 -0 -0.00449276 -0.99999 -0 -0.00446805 0 0.99999 -0.00446923 0 0.99999 0 1 0 0 1 0 0 1 0 0 1 0 -0.00443502 0.99999 -6.91193e-11 -0.0044757 0.99999 -6.97534e-11 -0.00446403 0.99999 6.94904e-11 -0.00441877 0.99999 6.87859e-11 -0.00444873 0.99999 6.97465e-10 -0.00447061 0.99999 7.00895e-10 -0.00451469 0.99999 -7.25806e-10 -0.00452307 0.99999 -7.27154e-10 -0.00444628 0.99999 7.13242e-10 -0.00442868 0.99999 7.10418e-10 -0.00452534 0.99999 -7.07939e-10 -0.00449243 0.99999 -7.02791e-10 -0 0.999961 0.00879861 -0 0.999961 0.00879861 -0 0.999961 0.00879861 -0 0.999961 0.00879861 -0.999961 0 0.00879861 -0.999961 0 0.00879872 -0.999961 0 0.00879887 -0.999961 0 0.00879876 0 -0.999961 0.00879887 0 -0.999961 0.00879827 0 -0.999961 0.00879808 0 -0.999961 0.00879868 0.999961 0 0.00879808 0.999961 0 0.00879808 0.999961 0 0.00879807 0.999961 0 0.00879808 0 0.999991 -0.00419387 0 0.999991 -0.00419489 0 0.999991 -0.0041952 0 0.999991 -0.00419419 -0.999991 0 -0.00419521 -0.999991 0 -0.00419455 -0.999991 0 -0.00419361 -0.999991 0 -0.00419427 -0 -0.999991 -0.0041936 -0 -0.999991 -0.00419436 -0 -0.999991 -0.0041946 -0 -0.999991 -0.00419384 0.999991 0 -0.0041946 0.999991 0 -0.0041946 0.999991 0 -0.00419459 0.999991 0 -0.00419459 -1 -4.94586e-06 0 -1 -1.67947e-06 0 -1 1.37682e-06 0 -1 -1.35239e-06 0 -1 -4.96567e-06 -0 -1 -1.29544e-06 -0 -1 3.64889e-06 0 -1 -8.93164e-07 -0 -1 0 0 -1 0 0 -1 0 0 -1 0 0 -0.275445 -0.961317 0 -0.275445 -0.961317 0 -0.275445 -0.961317 0 -0.275445 -0.961317 0 0.00252242 0.999997 -0 0.00252242 0.999997 -0 0.00252242 0.999997 -0 0.00252242 0.999997 -0 1 -5.53627e-06 -0 1 -2.47435e-06 -0 1 -1.48845e-07 -0 1 -2.75304e-06 -0 1 -5.50728e-06 -0 1 -2.09476e-06 -0 1 1.71121e-06 0 1 -2.43184e-06 -0 1 -0 -0 1 -0 -0 1 -0 -0 1 -0 -0 0.275445 -0.961317 -0 0.275445 -0.961317 -0 0.275445 -0.961317 -0 0.275445 -0.961317 -0 -0.00252242 0.999997 -0 -0.00252242 0.999997 -0 -0.00252242 0.999997 -0 -0.00252242 0.999997 -0 </float_array>
          <technique_common>
            <accessor count="1355" offset="0" source="#meshId0-bitangents-array" stride="3">
              <param name="X" type="float" />
              <param name="Y" type="float" />
              <param name="Z" type="float" />
            </accessor>
          </technique_common>
        </source>
        <source id="meshId0-tex0" name="meshId0-tex0">
          <float_array id="meshId0-tex0-array" count="2710"> 0.731209 0.543137 0.737 0.548617 0.758523 0.539728 0.758351 0.531758 0.779995 0.548722 0.78555 0.543001 0.788844 0.57026 0.796815 0.570141 0.779869 0.591721 0.785592 0.597274 0.758365 0.600502 0.758535 0.608477 0.736905 0.591605 0.731432 0.5974 0.728041 0.5701 0.720071 0.570326 0.737 0.548617 0.749535 0.561375 0.758475 0.557704 0.758523 0.539728 0.758523 0.539728 0.758475 0.557704 0.767397 0.561403 0.779995 0.548722 0.779995 0.548722 0.767397 0.561403 0.771058 0.570351 0.788844 0.57026 0.788844 0.57026 0.771058 0.570351 0.767335 0.579253 0.779869 0.591721 0.779869 0.591721 0.767335 0.579253 0.758411 0.582902 0.758365 0.600502 0.758365 0.600502 0.758411 0.582902 0.749502 0.579192 0.736905 0.591605 0.736905 0.591605 0.749502 0.579192 0.745827 0.570278 0.728041 0.5701 0.728041 0.5701 0.745827 0.570278 0.749535 0.561375 0.737 0.548617 0.315906 0.371342 0.314208 0.357792 0.308465 0.358548 0.308762 0.372117 0.302764 0.35769 0.301534 0.371597 0.29737 0.355278 0.294653 0.369921 0.292196 0.35202 0.288365 0.367651 0.286767 0.349431 0.282608 0.365529 0.33433 0.365462 0.330571 0.349722 0.325051 0.352192 0.328632 0.367421 0.319726 0.35544 0.32257 0.369564 0.313729 0.349917 0.308591 0.350279 0.303468 0.349836 0.298506 0.348946 0.293064 0.347601 0.287216 0.346236 0.33015 0.346582 0.324243 0.347815 0.318733 0.349098 0.314252 0.33911 0.308744 0.338296 0.303222 0.339017 0.297994 0.340913 0.292716 0.343031 0.28703 0.343956 0.330365 0.344346 0.32469 0.343291 0.319444 0.341089 0.31531 0.308895 0.309101 0.308829 0.302892 0.308763 0.296738 0.308696 0.290735 0.308629 0.284859 0.308559 0.333343 0.3091 0.327467 0.309029 0.321463 0.308962 0.354709 0.140634 0.348684 0.134939 0.326289 0.144197 0.326462 0.152483 0.303955 0.134808 0.298171 0.140753 0.29477 0.112417 0.28648 0.112534 0.304101 0.0901183 0.29815 0.0843422 0.326453 0.0809871 0.326272 0.0726932 0.348766 0.090223 0.354452 0.0841918 0.35799 0.112581 0.366278 0.112338 0.348684 0.134939 0.335638 0.121683 0.326345 0.125517 0.326289 0.144197 0.326289 0.144197 0.326345 0.125517 0.317074 0.121624 0.303955 0.134808 0.303955 0.134808 0.317074 0.121624 0.313266 0.112332 0.29477 0.112417 0.29477 0.112417 0.313266 0.112332 0.317135 0.10309 0.304101 0.0901183 0.304101 0.0901183 0.317135 0.10309 0.326413 0.0992955 0.326453 0.0809871 0.326453 0.0809871 0.326413 0.0992955 0.335671 0.103131 0.348766 0.090223 0.348766 0.090223 0.335671 0.103131 0.339495 0.112402 0.35799 0.112581 0.35799 0.112581 0.339495 0.112402 0.335638 0.121683 0.348684 0.134939 0.302284 0.246318 0.303986 0.259868 0.30973 0.25911 0.309428 0.245541 0.31543 0.259966 0.316656 0.246059 0.320825 0.262377 0.323537 0.247733 0.326 0.265635 0.329826 0.250001 0.33143 0.268222 0.335583 0.252121 0.283862 0.252202 0.287626 0.26794 0.293145 0.26547 0.289559 0.250242 0.298469 0.26222 0.295621 0.248097 0.304468 0.267742 0.309606 0.267379 0.314729 0.267821 0.319692 0.26871 0.325134 0.270054 0.330982 0.271417 0.288048 0.27108 0.293954 0.269846 0.299465 0.268562 0.303948 0.278549 0.309456 0.279362 0.314978 0.27864 0.320205 0.276743 0.325483 0.274624 0.331168 0.273698 0.287833 0.273316 0.293509 0.274369 0.298755 0.276571 0.287732 0.0138189 0.298898 0.0130539 0.302809 0.025373 0.286955 0.0259355 0.310264 0.00986302 0.319789 0.0232345 0.319983 0.000619948 0.339834 0.017332 0.257117 0.00212032 0.265517 0.0102394 0.25471 0.023113 0.237385 0.0150459 0.276606 0.0131486 0.271207 0.025419 0.304148 0.0386232 0.286888 0.0386967 0.322775 0.0387697 0.345338 0.0408295 0.250992 0.0386706 0.22841 0.0366358 0.269622 0.0387903 0.302551 0.0519966 0.286813 0.0514591 0.319033 0.0543325 0.336334 0.0624275 0.25397 0.054196 0.233917 0.0601079 0.270957 0.0520364 0.29713 0.0642639 0.286009 0.0635812 0.308207 0.0671933 0.316579 0.0753291 0.263485 0.0675551 0.253758 0.0768003 0.274852 0.0643533 0.287443 0 0.286278 0.0774118 0.22855 0.731148 0.269002 0.731148 0.269002 0.7716 0.22855 0.7716 0.22855 0.7716 0.269002 0.7716 0.269002 0.829239 0.22855 0.829239 0.22841 0.699405 0.269143 0.699405 0.269002 0.731148 0.22855 0.731148 0.22841 0.642594 0.269143 0.642594 0.641578 0 0.641578 0.333769 0.682375 0.333769 0.682375 0 0.126398 0.791009 0.105522 0.790344 0.104526 0.821581 0.125403 0.822246 0.463914 0.794962 0.463914 0.465077 0.497997 0.465077 0.497997 0.794962 0.8138 0.0475789 0.78707 0.047305 0.787491 0.00623941 0.814221 0.00651324 0.305836 0.389168 0.305836 0.690864 0.333734 0.690864 0.333734 0.389168 0.918307 0 0.918307 0.301696 0.89041 0.301696 0.89041 0 0.327885 0.850735 0.324309 0.844496 0.358392 0.844496 0.365897 0.850735 0.365897 0.718657 0.358392 0.719054 0.358392 0.389168 0.365897 0.382929 0.324309 0.389168 0.327885 0.382929 0.220667 0.382929 0.228172 0.389168 0.228172 0.719054 0.220667 0.718657 0.100356 0.733135 0.0782175 0.733701 0.077427 0.702801 0.0995653 0.702235 0.97327 0.309174 0.94848 0.309174 0.94848 0 0.97327 0 0.254154 0.0768327 0.22841 0.0771279 0.228731 0.105185 0.254476 0.10489 1 0 0.97558 0 0.97558 0.304571 1 0.304571 0.918307 0.330218 0.918307 0.420386 0.89041 0.420386 0.89041 0.330218 0.228172 0.749999 0.228172 0.844496 0.220667 0.850735 0.220667 0.750397 0.97558 0.333141 0.97558 0.420386 1 0.420386 1 0.333141 0.463914 0.920404 0.463914 0.825907 0.497997 0.825907 0.497997 0.920404 0.97327 0.42674 0.94848 0.42674 0.94848 0.338176 0.97327 0.338176 0.358392 0.749999 0.365897 0.750397 0.305836 0.719387 0.305836 0.809554 0.333734 0.809554 0.333734 0.719387 0.641578 0.365323 0.641578 0.465077 0.682375 0.465077 0.682375 0.365323 0.918307 0.324514 0.89041 0.324514 0.228172 0.74381 0.220667 0.744049 0.97558 0.327427 1 0.327427 0.463914 0.819718 0.497997 0.819718 0.94848 0.332376 0.97327 0.332376 0.358392 0.74381 0.365897 0.744049 0.305836 0.713682 0.333734 0.713682 0.641578 0.359012 0.682375 0.359012 0.918307 0.318809 0.89041 0.318809 0.228172 0.737621 0.220667 0.737701 0.97558 0.321713 1 0.321713 0.463914 0.813529 0.497997 0.813529 0.94848 0.326575 0.97327 0.326575 0.358392 0.737621 0.365897 0.737701 0.305836 0.707978 0.333734 0.707978 0.682375 0.352702 0.641578 0.352702 0.918307 0.313105 0.89041 0.313105 0.228172 0.731432 0.220667 0.731353 0.97558 0.315999 1 0.315999 0.463914 0.80734 0.497997 0.80734 0.94848 0.320775 0.97327 0.320775 0.358392 0.731432 0.365897 0.731353 0.305836 0.702273 0.333734 0.702273 0.641578 0.346391 0.682375 0.346391 0.918307 0.3074 0.89041 0.3074 0.228172 0.725243 0.220667 0.725005 0.97558 0.310285 1 0.310285 0.463914 0.801151 0.497997 0.801151 0.94848 0.314975 0.97327 0.314975 0.358392 0.725243 0.365897 0.725005 0.305836 0.696569 0.333734 0.696569 0.641578 0.34008 0.682375 0.34008 0.526503 0.346391 0.526503 0.352702 0.567301 0.352702 0.567301 0.346391 0.526503 0.34008 0.567301 0.34008 0.526503 0.333769 0.567301 0.333769 0.526503 0 0.567301 0 0.812613 0.163411 0.785884 0.163137 0.786304 0.122071 0.813034 0.122345 0.262255 0.389168 0.258679 0.382929 0.229317 0.156269 0.229639 0.184326 0.255384 0.184031 0.255062 0.155973 0.367778 0.794962 0.367778 0.465077 0.401861 0.465077 0.401861 0.794962 0.367778 0.801151 0.401861 0.801151 0.367778 0.80734 0.401861 0.80734 0.367778 0.813529 0.401861 0.813529 0.367778 0.819718 0.401861 0.819718 0.367778 0.825907 0.401861 0.825907 0.367778 0.920404 0.401861 0.920404 0.102586 0.820292 0.0804474 0.820859 0.0796567 0.789959 0.101795 0.789392 0.262255 0.844496 0.258679 0.850735 0.129207 0.7029 0.108331 0.702235 0.107335 0.733472 0.128211 0.734137 0.526503 0.365323 0.526503 0.465077 0.567301 0.465077 0.567301 0.365323 0.526503 0.359012 0.567301 0.359012 0.567301 0.346391 0.573807 0.347337 0.635071 0.347337 0.641578 0.346391 0.635071 0.347337 0.635071 0.351756 0.641578 0.352702 0.635071 0.351756 0.573807 0.351756 0.567301 0.352702 0.573807 0.351756 0.573807 0.347337 0.567301 0.333769 0.573807 0.334873 0.635071 0.334873 0.641578 0.333769 0.635071 0.334873 0.635071 0.339292 0.641578 0.34008 0.635071 0.339292 0.573807 0.339292 0.567301 0.34008 0.573807 0.339292 0.573807 0.334873 0.401861 0.801151 0.404347 0.80012 0.461429 0.80012 0.463914 0.801151 0.461429 0.80012 0.461429 0.795675 0.463914 0.794962 0.461429 0.795675 0.404347 0.795675 0.401861 0.794962 0.404347 0.795675 0.404347 0.80012 0.401861 0.813529 0.404347 0.812657 0.461429 0.812657 0.463914 0.813529 0.461429 0.812657 0.461429 0.808212 0.463914 0.80734 0.461429 0.808212 0.404347 0.808212 0.401861 0.80734 0.404347 0.808212 0.404347 0.812657 0.401861 0.825907 0.404347 0.825194 0.461429 0.825194 0.463914 0.825907 0.461429 0.825194 0.461429 0.820749 0.463914 0.819718 0.461429 0.820749 0.404347 0.820749 0.401861 0.819718 0.404347 0.820749 0.404347 0.825194 0.567301 0.359012 0.573807 0.3598 0.635071 0.3598 0.641578 0.359012 0.635071 0.3598 0.635071 0.364219 0.641578 0.365323 0.635071 0.364219 0.573807 0.364219 0.567301 0.365323 0.573807 0.364219 0.573807 0.3598 0.723496 0.896067 0.707357 0.927742 0.68222 0.952879 0.650545 0.969018 0.615433 0.974579 0.580321 0.969018 0.548646 0.952879 0.523509 0.927742 0.50737 0.896067 0.501809 0.860955 0.50737 0.825843 0.523509 0.794168 0.548646 0.769031 0.580321 0.752892 0.615433 0.747331 0.650545 0.752892 0.68222 0.769031 0.707357 0.794168 0.723496 0.825843 0.729057 0.860955 0.785884 0.163411 0.817353 0.163411 0.817353 0.193142 0.785884 0.193142 0.785884 0.193142 0.817353 0.193142 0.817353 0.222874 0.785884 0.222874 0.785884 0.222874 0.817353 0.222874 0.817353 0.252606 0.785884 0.252606 0.785884 0.252606 0.817353 0.252606 0.817353 0.282338 0.785884 0.282338 0.174351 0.725278 0.214804 0.725278 0.214804 0.765731 0.174351 0.765731 0.174351 0.765731 0.214804 0.765731 0.214804 0.823369 0.174351 0.823369 0.174211 0.693536 0.214944 0.693536 0.214804 0.725278 0.174351 0.725278 0.174211 0.636724 0.214944 0.636724 0.131766 0.725278 0.172219 0.725278 0.172219 0.765731 0.131766 0.765731 0.131766 0.765731 0.172219 0.765731 0.172219 0.823369 0.131766 0.823369 0.131626 0.693536 0.172359 0.693536 0.172219 0.725278 0.131766 0.725278 0.131626 0.636724 0.172359 0.636724 0.0482003 0.75151 0.0748953 0.751442 0.0748954 0.722356 0.0482003 0.730004 0 0.751442 0.0266951 0.75151 0.0266951 0.730004 0 0.722356 0.0266951 0.75151 0.0482003 0.75151 0.0482003 0.730004 0.0266951 0.730004 0.0482003 0.730004 0.0482003 0.702235 0.0266951 0.702235 0.0266951 0.730004 0.0266951 0.75151 0.0266951 0.778205 0.0482003 0.778205 0.0482003 0.75151 0.00562785 0 0.120934 0.00427854 0.115307 0.157087 0 0.152809 0.832482 0.461639 0.873398 0.461639 0.873398 0.502555 0.832482 0.502555 0.832482 0.502555 0.873398 0.502555 0.873398 0.560854 0.832482 0.560854 0.83234 0.429533 0.87354 0.429533 0.873398 0.461639 0.832482 0.461639 0.83234 0.372071 0.87354 0.372071 0.482852 0 0.52365 0 0.52365 0.333769 0.482852 0.333769 0.807756 0.371112 0.80676 0.402349 0.785884 0.401684 0.786879 0.370447 0.0961362 0.576794 0.130219 0.576794 0.130219 0.246908 0.0961362 0.246908 0.759601 0.721436 0.760022 0.680371 0.733292 0.680097 0.732871 0.721162 0.917509 0.420386 0.945407 0.420386 0.945407 0.722082 0.917509 0.722082 0.78281 0.00623953 0.754913 0.00623953 0.754913 0.307935 0.78281 0.307935 0.792447 0.467806 0.830459 0.467806 0.822954 0.461567 0.78887 0.461567 0.830459 0.335728 0.830459 5.55112e-17 0.822954 0.00623955 0.822954 0.336125 0.792447 5.55112e-17 0.78887 0.00623955 0.685229 5.55112e-17 0.685229 0.335728 0.692734 0.336125 0.692734 0.00623955 0.293923 0.673493 0.293133 0.642594 0.270994 0.64316 0.271785 0.67406 0.97327 0.735914 0.97327 0.42674 0.94848 0.42674 0.94848 0.735914 0.7884 0.682507 0.788722 0.710565 0.762977 0.71086 0.762656 0.682802 1 0.420386 1 0.724957 0.97558 0.724957 0.97558 0.420386 0.78281 0.336458 0.754913 0.336458 0.754913 0.426626 0.78281 0.426626 0.692734 0.36707 0.685229 0.367468 0.685229 0.467806 0.692734 0.461567 0.97558 0.753527 1 0.753527 1 0.840772 0.97558 0.840772 0.0961362 0.702235 0.130219 0.702235 0.130219 0.607738 0.0961362 0.607738 0.97327 0.85348 0.97327 0.764916 0.94848 0.764916 0.94848 0.85348 0.830459 0.367468 0.822954 0.36707 0.917509 0.750604 0.945407 0.750604 0.945407 0.840772 0.917509 0.840772 0.482852 0.365323 0.52365 0.365323 0.52365 0.465077 0.482852 0.465077 0.78281 0.330753 0.754913 0.330753 0.692734 0.360881 0.685229 0.36112 0.97558 0.747813 1 0.747813 0.130219 0.601549 0.0961362 0.601549 0.97327 0.759116 0.94848 0.759116 0.830459 0.36112 0.822954 0.360881 0.917509 0.7449 0.945407 0.7449 0.482852 0.359012 0.52365 0.359012 0.78281 0.325049 0.754913 0.325049 0.692734 0.354692 0.685229 0.354772 0.97558 0.742099 1 0.742099 0.130219 0.595361 0.0961362 0.595361 0.97327 0.753315 0.94848 0.753315 0.830459 0.354772 0.822954 0.354692 0.917509 0.739195 0.945407 0.739195 0.482852 0.352702 0.52365 0.352702 0.78281 0.319345 0.754913 0.319345 0.692734 0.348503 0.685229 0.348424 0.97558 0.736385 1 0.736385 0.130219 0.589172 0.0961362 0.589172 0.97327 0.747515 0.94848 0.747515 0.830459 0.348424 0.822954 0.348503 0.917509 0.733491 0.945407 0.733491 0.482852 0.346391 0.52365 0.346391 0.78281 0.31364 0.754913 0.31364 0.692734 0.342314 0.685229 0.342076 0.97558 0.730671 1 0.730671 0.130219 0.582983 0.0961362 0.582983 0.97327 0.741715 0.94848 0.741715 0.830459 0.342076 0.822954 0.342314 0.917509 0.727786 0.945407 0.727786 0.482852 0.34008 0.52365 0.34008 0.367778 0.346391 0.408575 0.346391 0.408575 0.352702 0.367778 0.352702 0.367778 0.34008 0.408575 0.34008 0.367778 0.333769 0.408575 0.333769 0.367778 0 0.408575 0 0.758415 0.837268 0.758835 0.796202 0.732105 0.795928 0.731685 0.836994 0.726817 0.00623955 0.72324 5.55112e-17 0.763563 0.761943 0.789308 0.761648 0.78963 0.789705 0.763885 0.79 0 0.576794 0.034083 0.576794 0.034083 0.246908 0 0.246908 0 0.582983 0.034083 0.582983 0 0.589172 0.034083 0.589172 0 0.595361 0.034083 0.595361 0 0.601549 0.034083 0.601549 0 0.607738 0.034083 0.607738 0 0.702235 0.034083 0.702235 0.296153 0.760651 0.295363 0.729751 0.273224 0.730317 0.274015 0.761217 0.72324 0.467806 0.726817 0.461567 0.810564 0.283003 0.809569 0.31424 0.788692 0.313575 0.789688 0.282338 0.367778 0.365323 0.408575 0.365323 0.408575 0.465077 0.367778 0.465077 0.367778 0.359012 0.408575 0.359012 0.408575 0.346391 0.482852 0.346391 0.476346 0.347337 0.415082 0.347337 0.476346 0.351756 0.476346 0.347337 0.482852 0.352702 0.408575 0.352702 0.415082 0.351756 0.476346 0.351756 0.415082 0.347337 0.415082 0.351756 0.408575 0.333769 0.482852 0.333769 0.476346 0.334873 0.415082 0.334873 0.476346 0.339292 0.476346 0.334873 0.482852 0.34008 0.408575 0.34008 0.415082 0.339292 0.476346 0.339292 0.415082 0.334873 0.415082 0.339292 0.034083 0.582983 0.0961362 0.582983 0.0936506 0.581952 0.0365686 0.581952 0.0936506 0.577506 0.0936506 0.581952 0.0961362 0.576794 0.034083 0.576794 0.0365686 0.577506 0.0936506 0.577506 0.0365686 0.581952 0.0365686 0.577506 0.034083 0.595361 0.0961362 0.595361 0.0936506 0.594488 0.0365686 0.594488 0.0936506 0.590044 0.0936506 0.594488 0.0961362 0.589172 0.034083 0.589172 0.0365686 0.590044 0.0936506 0.590044 0.0365686 0.594488 0.0365686 0.590044 0.034083 0.607738 0.0961362 0.607738 0.0936506 0.607025 0.0365686 0.607025 0.0936506 0.60258 0.0936506 0.607025 0.0961362 0.601549 0.034083 0.601549 0.0365686 0.60258 0.0936506 0.60258 0.0365686 0.607025 0.0365686 0.60258 0.408575 0.359012 0.482852 0.359012 0.476346 0.3598 0.415082 0.3598 0.476346 0.364219 0.476346 0.3598 0.482852 0.365323 0.408575 0.365323 0.415082 0.364219 0.476346 0.364219 0.415082 0.3598 0.415082 0.364219 0.766051 0.479183 0.793193 0.467804 0.793365 0.475774 0.771842 0.484663 0.820392 0.479047 0.814837 0.484769 0.831657 0.506187 0.823686 0.506307 0.820434 0.53332 0.814712 0.527767 0.793377 0.544523 0.793207 0.536548 0.766274 0.533446 0.771747 0.527651 0.754913 0.506373 0.762883 0.506146 0.771842 0.484663 0.793365 0.475774 0.793317 0.49375 0.784377 0.497421 0.793365 0.475774 0.814837 0.484769 0.80224 0.497449 0.793317 0.49375 0.814837 0.484769 0.823686 0.506307 0.8059 0.506397 0.80224 0.497449 0.823686 0.506307 0.814712 0.527767 0.802177 0.515299 0.8059 0.506397 0.814712 0.527767 0.793207 0.536548 0.793253 0.518948 0.802177 0.515299 0.793207 0.536548 0.771747 0.527651 0.784344 0.515238 0.793253 0.518948 0.771747 0.527651 0.762883 0.506146 0.78067 0.506324 0.784344 0.515238 0.762883 0.506146 0.771842 0.484663 0.784377 0.497421 0.78067 0.506324 0.261707 0.371585 0.254563 0.372359 0.254266 0.35879 0.26001 0.358034 0.247335 0.371839 0.248566 0.357933 0.240454 0.370164 0.243171 0.35552 0.234167 0.367894 0.237997 0.352262 0.22841 0.365771 0.232568 0.349673 0.280131 0.365705 0.274433 0.367663 0.270852 0.352434 0.276373 0.349965 0.268372 0.369806 0.265528 0.355683 0.254392 0.350521 0.25953 0.350159 0.249269 0.350078 0.244307 0.349189 0.238865 0.347843 0.233017 0.346478 0.270044 0.348057 0.275951 0.346824 0.264534 0.34934 0.254545 0.338538 0.260053 0.339352 0.249023 0.33926 0.243796 0.341155 0.238517 0.343273 0.232831 0.344198 0.270491 0.343534 0.276166 0.344588 0.265245 0.341331 0.254902 0.309071 0.261111 0.309137 0.248693 0.309005 0.24254 0.308938 0.236536 0.308871 0.23066 0.308801 0.273268 0.309271 0.279144 0.309342 0.267265 0.309204 0.741843 0.535745 0.713597 0.547594 0.713423 0.539308 0.735819 0.53005 0.685306 0.535864 0.69109 0.529919 0.673615 0.507645 0.681904 0.507528 0.685285 0.479454 0.691235 0.48523 0.713406 0.467804 0.713587 0.476098 0.741587 0.479303 0.735901 0.485334 0.753413 0.50745 0.745125 0.507692 0.735819 0.53005 0.713423 0.539308 0.71348 0.520628 0.722773 0.516795 0.713423 0.539308 0.69109 0.529919 0.704208 0.516735 0.71348 0.520628 0.69109 0.529919 0.681904 0.507528 0.7004 0.507443 0.704208 0.516735 0.681904 0.507528 0.691235 0.48523 0.70427 0.498201 0.7004 0.507443 0.691235 0.48523 0.713587 0.476098 0.713547 0.494407 0.70427 0.498201 0.713587 0.476098 0.735901 0.485334 0.722806 0.498242 0.713547 0.494407 0.735901 0.485334 0.745125 0.507692 0.726629 0.507513 0.722806 0.498242 0.745125 0.507692 0.735819 0.53005 0.722773 0.516795 0.726629 0.507513 0.248086 0.24656 0.255229 0.245784 0.255531 0.259353 0.249788 0.26011 0.262457 0.246301 0.261231 0.260209 0.269338 0.247975 0.266626 0.26262 0.275627 0.250243 0.271802 0.265877 0.281384 0.252363 0.277231 0.268464 0.229663 0.252444 0.235361 0.250484 0.238947 0.265712 0.233427 0.268183 0.241422 0.24834 0.24427 0.262462 0.255407 0.267621 0.250269 0.267985 0.260531 0.268063 0.265493 0.268952 0.270935 0.270296 0.276784 0.271659 0.239756 0.270088 0.233849 0.271322 0.245266 0.268804 0.255257 0.279605 0.249749 0.278791 0.260779 0.278882 0.266006 0.276985 0.271284 0.274866 0.27697 0.27394 0.23931 0.274612 0.233634 0.273558 0.244556 0.276813 0.520841 0.659526 0.52097 0.662646 0.516147 0.663392 0.515958 0.659843 0.521221 0.665833 0.516461 0.667192 0.521945 0.669242 0.516863 0.671475 0.522034 0.643826 0.521227 0.647035 0.516587 0.64555 0.517334 0.641243 0.520944 0.650205 0.516153 0.649358 0.520823 0.653322 0.515946 0.652923 0.520793 0.656423 0.51589 0.656386 0.27223 0.119201 0.286052 0.123271 0.274228 0.13792 0.259579 0.126097 0.255509 0.139918 0.262404 0.15257 0.276226 0.15664 0.288878 0.149744 0.292948 0.135922 0.692971 0.400912 0.707278 0.385307 0.718962 0.410379 0.728429 0.384388 0.744035 0.398694 0.744954 0.419846 0.730647 0.435451 0.709496 0.43637 0.69389 0.422064 0.511337 0.663643 0.511104 0.659983 0.511018 0.656343 0.511081 0.652684 0.511298 0.648966 0.511648 0.645182 0.511924 0.641416 0.511716 0.670889 0.511659 0.667321 0.52097 0.662646 0.520841 0.659526 0.521743 0.659489 0.521869 0.6625 0.521221 0.665833 0.52097 0.662646 0.521869 0.6625 0.522117 0.665474 0.521945 0.669242 0.521221 0.665833 0.522117 0.665474 0.52264 0.66835 0.521227 0.647035 0.522034 0.643826 0.522638 0.644636 0.522085 0.647478 0.520944 0.650205 0.521227 0.647035 0.522085 0.647478 0.521839 0.650438 0.520823 0.653322 0.520944 0.650205 0.521839 0.650438 0.521726 0.653442 0.520793 0.656423 0.520823 0.653322 0.521726 0.653442 0.521697 0.656465 0.520841 0.659526 0.520793 0.656423 0.521697 0.656465 0.521743 0.659489 0.521869 0.6625 0.521743 0.659489 0.588118 0.658841 0.588106 0.661283 0.522117 0.665474 0.588081 0.663725 0.52264 0.66835 0.588045 0.666168 0.522085 0.647478 0.522638 0.644636 0.588011 0.646623 0.588057 0.649071 0.521839 0.650438 0.58809 0.651515 0.521726 0.653442 0.58811 0.653957 0.521697 0.656465 0.58812 0.656399 0.685178 0.660192 0.685063 0.664176 0.684865 0.668154 0.684583 0.672122 0.68452 0.640282 0.684817 0.644253 0.685031 0.648232 0.685162 0.652217 0.685211 0.656205 0.78376 0.662707 0.783684 0.66934 0.783531 0.675951 0.783284 0.682536 0.783187 0.629488 0.783438 0.636112 0.783612 0.642754 0.783721 0.649406 0.783771 0.656059 0.901219 0.662103 0.901921 0.668429 0.903 0.674768 0.904272 0.681165 0.904083 0.630448 0.902692 0.6368 0.901668 0.643127 0.901082 0.649454 0.900935 0.655779 0.909215 0.660587 0.910022 0.665516 0.911538 0.670275 0.914257 0.674622 0.913631 0.637128 0.911085 0.641146 0.909681 0.645751 0.909031 0.650623 0.908903 0.655598 0.914001 0.65954 0.914648 0.663264 0.915751 0.666477 0.917478 0.668673 0.916645 0.642653 0.915069 0.644779 0.914164 0.647966 0.913751 0.651672 0.913711 0.655603 0.702458 0.723505 0.702458 0.702 0.729153 0.694351 0.729153 0.723438 0.654258 0.723438 0.654258 0.694351 0.680953 0.702 0.680953 0.723505 0.680953 0.723505 0.680953 0.702 0.702458 0.702 0.702458 0.723505 0.702458 0.702 0.680953 0.702 0.680953 0.674231 0.702458 0.674231 0.680953 0.723505 0.702458 0.723505 0.702458 0.7502 0.680953 0.7502 0.136391 0.0548476 0.139239 0.0548349 0.139851 0.191838 0.137003 0.191851 0.137003 0.191851 0.139851 0.191838 0.140095 0.246283 0.137247 0.246296 0.137247 0.246296 0.140095 0.246283 0.140707 0.383286 0.137859 0.383299 0.136148 0.000403196 0.138996 0.000390455 0.139239 0.0548349 0.136391 0.0548476 0.364229 0.190836 0.364472 0.24528 0.227469 0.245892 0.227226 0.191448 0.000243183 0.246908 0 0.192463 0.137003 0.191851 0.137247 0.246296 0.224378 0.191461 0.227226 0.191448 0.227469 0.245892 0.224621 0.245905 0.225233 0.382909 0.224621 0.245905 0.227469 0.245892 0.228081 0.382896 0.223766 0.0544572 0.223522 1.26453e-05 0.22637 0 0.226613 0.0544444 0.224378 0.191461 0.223766 0.0544572 0.226613 0.0544444 0.227226 0.191448 0.180743 0.191656 0.180987 0.2461 0.180987 0.2461 0.181599 0.383104 0.179888 0.00020766 0.180131 0.0546522 0.22841 0.642594 0.22841 0.389168 0.303454 0.389168 0.303454 0.642594 0.183247 0.191645 0.183491 0.246089 0.184103 0.383092 0.183491 0.246089 0.182635 0.054641 0.182392 0.000196469 0.131626 0.636724 0.131626 0.383299 0.20713 0.383299 0.20713 0.636724 0.180743 0.191656 0.180131 0.0546522 0.182635 0.054641 0.183247 0.191645 0.140279 0.0576959 0.140866 0.188968 0.179151 0.0575222 0.179738 0.188795 0.183641 0.0575021 0.184227 0.188775 0.222751 0.0573274 0.223338 0.1886 0.696297 0.384659 0.695014 0.238871 0.752004 0.238369 0.753287 0.384157 0.695014 0.238871 0.694634 0.1957 0.751624 0.195198 0.752004 0.238369 0.694634 0.1957 0.693351 0.0499116 0.750341 0.0494101 0.751624 0.195198 0.693351 0.0499116 0.692971 0.00674075 0.749962 0.00623932 0.750341 0.0494101 0.83234 0.371893 0.832941 0.228629 0.888944 0.228864 0.888343 0.372127 0.832941 0.228629 0.83312 0.185946 0.889123 0.186181 0.888944 0.228864 0.83312 0.185946 0.833721 0.0426832 0.889724 0.0429181 0.889123 0.186181 0.833721 0.0426832 0.8339 0 0.889903 0.000234912 0.889724 0.0429181 0.547604 0.717624 0.547604 0.696119 0.574299 0.68847 0.574299 0.717556 0.499404 0.717556 0.499404 0.68847 0.526099 0.696119 0.526099 0.717624 0.526099 0.717624 0.526099 0.696119 0.547604 0.696119 0.547604 0.717624 0.547604 0.696119 0.526099 0.696119 0.526099 0.668349 0.547604 0.668349 0.526099 0.717624 0.547604 0.717624 0.547604 0.744319 0.526099 0.744319 0.625031 0.717854 0.651726 0.717787 0.651726 0.6887 0.625031 0.696349 0.576831 0.717787 0.603526 0.717854 0.603526 0.696349 0.576831 0.6887 0.603526 0.717854 0.625031 0.717854 0.625031 0.696349 0.603526 0.696349 0.625031 0.696349 0.625031 0.66858 0.603526 0.66858 0.603526 0.696349 0.603526 0.717854 0.603526 0.744549 0.625031 0.744549 0.625031 0.717854 </float_array>
          <technique_common>
            <accessor count="1355" offset="0" source="#meshId0-tex0-array" stride="2">
              <param name="S" type="float" />
              <param name="T" type="float" />
            </accessor>
          </technique_common>
        </source>
        <vertices id="meshId0-vertices">
          <input semantic="POSITION" source="#meshId0-positions" />
          <input semantic="NORMAL" source="#meshId0-normals" />
          <input semantic="TANGENT" source="#meshId0-tangents" />
          <input semantic="BINORMAL" source="#meshId0-bitangents" />
          <input semantic="TEXCOORD" source="#meshId0-tex0"  />
        </vertices>
        <polylist count="1260" material="defaultMaterial">
          <input offset="0" semantic="VERTEX" source="#meshId0-vertices" />
          <vcount>3 3 3 3 3 3 3 3 3 3 3 3 3 3 3 3 3 3 3 3 3 3 3 3 3 3 3 3 3 3 3 3 3 3 3 3 3 3 3 3 3 3 3 3 3 3 3 3 3 3 3 3 3 3 3 3 3 3 3 3 3 3 3 3 3 3 3 3 3 3 3 3 3 3 3 3 3 3 3 3 3 3 3 3 3 3 3 3 3 3 3 3 3 3 3 3 3 3 3 3 3 3 3 3 3 3 3 3 3 3 3 3 3 3 3 3 3 3 3 3 3 3 3 3 3 3 3 3 3 3 3 3 3 3 3 3 3 3 3 3 3 3 3 3 3 3 3 3 3 3 3 3 3 3 3 3 3 3 3 3 3 3 3 3 3 3 3 3 3 3 3 3 3 3 3 3 3 3 3 3 3 3 3 3 3 3 3 3 3 3 3 3 3 3 3 3 3 3 3 3 3 3 3 3 3 3 3 3 3 3 3 3 3 3 3 3 3 3 3 3 3 3 3 3 3 3 3 3 3 3 3 3 3 3 3 3 3 3 3 3 3 3 3 3 3 3 3 3 3 3 3 3 3 3 3 3 3 3 3 3 3 3 3 3 3 3 3 3 3 3 3 3 3 3 3 3 3 3 3 3 3 3 3 3 3 3 3 3 3 3 3 3 3 3 3 3 3 3 3 3 3 3 3 3 3 3 3 3 3 3 3 3 3 3 3 3 3 3 3 3 3 3 3 3 3 3 3 3 3 3 3 3 3 3 3 3 3 3 3 3 3 3 3 3 3 3 3 3 3 3 3 3 3 3 3 3 3 3 3 3 3 3 3 3 3 3 3 3 3 3 3 3 3 3 3 3 3 3 3 3 3 3 3 3 3 3 3 3 3 3 3 3 3 3 3 3 3 3 3 3 3 3 3 3 3 3 3 3 3 3 3 3 3 3 3 3 3 3 3 3 3 3 3 3 3 3 3 3 3 3 3 3 3 3 3 3 3 3 3 3 3 3 3 3 3 3 3 3 3 3 3 3 3 3 3 3 3 3 3 3 3 3 3 3 3 3 3 3 3 3 3 3 3 3 3 3 3 3 3 3 3 3 3 3 3 3 3 3 3 3 3 3 3 3 3 3 3 3 3 3 3 3 3 3 3 3 3 3 3 3 3 3 3 3 3 3 3 3 3 3 3 3 3 3 3 3 3 3 3 3 3 3 3 3 3 3 3 3 3 3 3 3 3 3 3 3 3 3 3 3 3 3 3 3 3 3 3 3 3 3 3 3 3 3 3 3 3 3 3 3 3 3 3 3 3 3 3 3 3 3 3 3 3 3 3 3 3 3 3 3 3 3 3 3 3 3 3 3 3 3 3 3 3 3 3 3 3 3 3 3 3 3 3 3 3 3 3 3 3 3 3 3 3 3 3 3 3 3 3 3 3 3 3 3 3 3 3 3 3 3 3 3 3 3 3 3 3 3 3 3 3 3 3 3 3 3 3 3 3 3 3 3 3 3 3 3 3 3 3 3 3 3 3 3 3 3 3 3 3 3 3 3 3 3 3 3 3 3 3 3 3 3 3 3 3 3 3 3 3 3 3 3 3 3 3 3 3 3 3 3 3 3 3 3 3 3 3 3 3 3 3 3 3 3 3 3 3 3 3 3 3 3 3 3 3 3 3 3 3 3 3 3 3 3 3 3 3 3 3 3 3 3 3 3 3 3 3 3 3 3 3 3 3 3 3 3 3 3 3 3 3 3 3 3 3 3 3 3 3 3 3 3 3 3 3 3 3 3 3 3 3 3 3 3 3 3 3 3 3 3 3 3 3 3 3 3 3 3 3 3 3 3 3 3 3 3 3 3 3 3 3 3 3 3 3 3 3 3 3 3 3 3 3 3 3 3 3 3 3 3 3 3 3 3 3 3 3 3 3 3 3 3 3 3 3 3 3 3 3 3 3 3 3 3 3 3 3 3 3 3 3 3 3 3 3 3 3 3 3 3 3 3 3 3 3 3 3 3 3 3 3 3 3 3 3 3 3 3 3 3 3 3 3 3 3 3 3 3 3 3 3 3 3 3 3 3 3 3 3 3 3 3 3 3 3 3 3 3 3 3 3 3 3 3 3 3 3 3 3 3 3 3 3 3 3 3 3 3 3 3 3 3 3 3 3 3 3 3 3 3 3 3 3 3 3 3 3 3 3 3 3 3 3 3 3 3 3 3 3 3 3 3 3 3 3 3 3 3 3 3 3 3 3 3 3 3 3 3 3 3 3 3 3 3 3 3 3 3 3 3 3 3 3 3 3 3 3 3 3 3 3 3 3 3 3 3 3 3 3 3 3 3 3 3 3 3 3 3 3 3 3 3 3 3 3 3 3 3 3 3 3 3 3 3 3 3 3 3 3 3 3 3 3 3 3 3 3 3 3 3 3 3 3 3 3 3 3 3 3 3 3 3 3 3 3 3 3 3 3 3 3 3 3 3 3 3 3 3 3 3 3 3 3 3 3 3 3 3 3 3 3 3 3 3 3 3 3 3 3 3 3 3 3 3 3 3 3 3 3 3 3 3 3 3 3 3 3 3 3 3 3 3 3 3 3 3 3 3 3 3 3 3 3 3 3 3 3 3 3 3 3 3 3 3 3 3 3 3 3 3 3 3 3 3 3 3 3 3 3 3 3 3 3 3 3 3 3 3 3 3 3 3 3 3 3 3 3 3 3 3 3 3 3 3 3 3 3 3 3 3 3 3 3 3 3 3 3 3 3 3 3 3 3 3 3 3 3 3 3 3 3 3 3 3 3 3 3 3 3 3 3 3 3 3 3 3 3 3 3 3 3 3 3 3 3 3 3 3 3 3 </vcount>
          <p>3 0 1 1 2 3 5 3 2 2 4 5 7 5 4 4 6 7 9 7 6 6 8 9 11 9 8 8 10 11 13 11 10 10 12 13 15 13 12 12 14 15 0 15 14 14 1 0 19 16 17 17 18 19 23 20 21 21 22 23 27 24 25 25 26 27 31 28 29 29 30 31 35 32 33 33 34 35 39 36 37 37 38 39 43 40 41 41 42 43 47 44 45 45 46 47 51 48 49 49 50 51 53 51 50 50 52 53 55 53 52 52 54 55 57 55 54 54 56 57 59 57 56 56 58 59 63 60 61 61 62 63 65 63 62 62 64 65 48 65 64 64 49 48 50 49 66 66 67 50 52 50 67 67 68 52 54 52 68 68 69 54 56 54 69 69 70 56 58 56 70 70 71 58 62 61 72 72 73 62 64 62 73 73 74 64 49 64 74 74 66 49 67 66 75 75 76 67 68 67 76 76 77 68 69 68 77 77 78 69 70 69 78 78 79 70 71 70 79 79 80 71 73 72 81 81 82 73 74 73 82 82 83 74 66 74 83 83 75 66 76 75 84 84 85 76 77 76 85 85 86 77 78 77 86 86 87 78 79 78 87 87 88 79 80 79 88 88 89 80 82 81 90 90 91 82 83 82 91 91 92 83 75 83 92 92 84 75 96 93 94 94 95 96 98 96 95 95 97 98 100 98 97 97 99 100 102 100 99 99 101 102 104 102 101 101 103 104 106 104 103 103 105 106 108 106 105 105 107 108 93 108 107 107 94 93 112 109 110 110 111 112 116 113 114 114 115 116 120 117 118 118 119 120 124 121 122 122 123 124 128 125 126 126 127 128 132 129 130 130 131 132 136 133 134 134 135 136 140 137 138 138 139 140 144 141 142 142 143 144 146 144 143 143 145 146 148 146 145 145 147 148 150 148 147 147 149 150 152 150 149 149 151 152 156 153 154 154 155 156 158 156 155 155 157 158 141 158 157 157 142 141 143 142 159 159 160 143 145 143 160 160 161 145 147 145 161 161 162 147 149 147 162 162 163 149 151 149 163 163 164 151 155 154 165 165 166 155 157 155 166 166 167 157 142 157 167 167 159 142 160 159 168 168 169 160 161 160 169 169 170 161 162 161 170 170 171 162 163 162 171 171 172 163 164 163 172 172 173 164 166 165 174 174 175 166 167 166 175 175 176 167 159 167 176 176 168 159 169 168 86 86 85 169 170 169 85 85 84 170 171 170 84 84 92 171 172 171 92 92 91 172 173 172 91 91 90 173 175 174 89 89 88 175 176 175 88 88 87 176 168 176 87 87 86 168 180 177 178 178 179 180 179 178 181 181 182 179 182 181 183 183 184 182 188 185 186 186 187 188 187 186 189 189 190 187 190 189 177 177 180 190 192 180 179 179 191 192 191 179 182 182 193 191 193 182 184 184 194 193 196 188 187 187 195 196 195 187 190 190 197 195 197 190 180 180 192 197 199 192 191 191 198 199 198 191 193 193 200 198 200 193 194 194 201 200 203 196 195 195 202 203 202 195 197 197 204 202 204 197 192 192 199 204 206 199 198 198 205 206 205 198 200 200 207 205 207 200 201 201 208 207 210 203 202 202 209 210 209 202 204 204 211 209 211 204 199 199 206 211 178 177 212 181 178 212 183 181 212 186 185 212 189 186 212 177 189 212 206 205 213 205 207 213 207 208 213 210 209 213 209 211 213 211 206 213 217 214 215 215 216 217 221 218 219 219 220 221 225 222 223 223 224 225 222 226 227 227 223 222 231 228 229 229 230 231 235 232 233 233 234 235 239 236 237 237 238 239 243 240 241 241 242 243 247 244 245 245 246 247 251 248 249 249 250 251 255 252 253 253 254 255 259 256 257 257 258 259 261 259 258 258 260 261 265 262 263 263 264 265 269 266 267 267 268 269 273 270 271 271 272 273 277 274 275 275 276 277 281 278 279 279 280 281 285 282 283 283 284 285 289 286 287 287 288 289 293 290 291 291 292 293 297 294 295 295 296 297 301 298 299 299 300 301 303 255 254 254 302 303 307 304 305 305 306 307 311 308 309 309 310 311 313 312 282 282 285 313 315 314 286 286 289 315 317 316 290 290 293 317 296 295 318 318 319 296 321 301 300 300 320 321 323 303 302 302 322 323 325 324 304 304 307 325 327 326 308 308 311 327 329 328 312 312 313 329 331 330 314 314 315 331 333 332 316 316 317 333 319 318 334 334 335 319 337 321 320 320 336 337 339 323 322 322 338 339 341 340 324 324 325 341 343 326 327 327 342 343 345 344 328 328 329 345 347 346 330 330 331 347 349 348 332 332 333 349 335 334 350 350 351 335 353 337 336 336 352 353 355 339 338 338 354 355 357 356 340 340 341 357 359 358 343 343 342 359 361 360 344 344 345 361 363 362 346 346 347 363 365 364 348 348 349 365 351 350 366 366 367 351 369 353 352 352 368 369 371 355 354 354 370 371 373 372 356 356 357 373 375 374 358 358 359 375 250 249 360 360 361 250 265 264 362 362 363 265 281 280 364 364 365 281 367 366 236 236 239 367 270 369 368 368 271 270 256 371 370 370 257 256 246 245 372 372 373 246 230 229 374 374 375 230 379 376 377 377 378 379 381 380 376 376 379 381 383 382 380 380 381 383 385 384 382 382 383 385 389 386 387 387 388 389 391 390 263 263 262 391 395 392 393 393 394 395 399 396 397 397 398 399 401 400 396 396 399 401 403 402 400 400 401 403 405 404 402 402 403 405 407 406 404 404 405 407 409 408 406 406 407 409 411 410 408 408 409 411 415 412 413 413 414 415 417 288 287 287 416 417 421 418 419 419 420 421 425 422 423 423 424 425 427 426 422 422 425 427 378 377 426 426 427 378 374 381 379 379 358 374 228 385 383 383 229 228 240 389 388 388 241 240 261 260 390 390 391 261 277 276 392 392 395 277 236 399 398 398 237 236 350 403 401 401 366 350 318 407 405 405 334 318 294 411 409 409 295 294 266 415 414 414 267 266 252 417 416 416 253 252 232 421 420 420 233 232 308 425 424 424 309 308 378 427 326 326 343 378 431 428 429 429 430 431 343 358 432 432 433 343 437 434 435 435 436 437 379 378 438 438 439 379 443 440 441 441 442 443 374 229 444 444 445 374 449 446 447 447 448 449 383 381 450 450 451 383 455 452 453 453 454 455 236 366 456 456 457 236 461 458 459 459 460 461 401 399 462 462 463 401 467 464 465 465 466 467 350 334 468 468 469 350 473 470 471 471 472 473 405 403 474 474 475 405 479 476 477 477 478 479 318 295 480 480 481 318 485 482 483 483 484 485 409 407 486 486 487 409 491 488 489 489 490 491 308 326 492 492 493 308 497 494 495 495 496 497 427 425 498 498 499 427 519 500 501 519 501 502 519 502 503 519 503 504 519 504 505 519 505 506 519 506 507 519 507 508 519 508 509 519 509 510 519 510 511 519 511 512 519 512 513 519 513 514 519 514 515 519 515 516 519 516 517 517 518 519 523 520 521 521 522 523 527 524 525 525 526 527 531 528 529 529 530 531 535 532 533 533 534 535 539 536 537 537 538 539 543 540 541 541 542 543 547 544 545 545 546 547 544 548 549 549 545 544 553 550 551 551 552 553 557 554 555 555 556 557 561 558 559 559 560 561 558 562 563 563 559 558 567 564 565 565 566 567 571 568 569 569 570 571 575 572 573 573 574 575 579 576 577 577 578 579 583 580 581 581 582 583 587 584 585 585 586 587 591 588 589 589 590 591 595 592 593 593 594 595 599 596 597 597 598 599 596 600 601 601 597 596 605 602 603 603 604 605 609 606 607 607 608 609 613 610 611 611 612 613 617 614 615 615 616 617 621 618 619 619 620 621 625 622 623 623 624 625 629 626 627 627 628 629 633 630 631 631 632 633 632 631 634 634 635 632 639 636 637 637 638 639 643 640 641 641 642 643 647 644 645 645 646 647 651 648 649 649 650 651 655 652 653 653 654 655 659 656 657 657 658 659 663 660 661 661 662 663 667 664 665 665 666 667 671 668 669 669 670 671 675 672 673 673 674 675 628 627 676 676 677 628 681 678 679 679 680 681 685 682 683 683 684 685 656 686 687 687 657 656 660 688 689 689 661 660 664 690 691 691 665 664 693 671 670 670 692 693 674 673 694 694 695 674 677 676 696 696 697 677 678 698 699 699 679 678 682 700 701 701 683 682 686 702 703 703 687 686 688 704 705 705 689 688 690 706 707 707 691 690 709 693 692 692 708 709 695 694 710 710 711 695 697 696 712 712 713 697 698 714 715 715 699 698 701 700 716 716 717 701 702 718 719 719 703 702 704 720 721 721 705 704 706 722 723 723 707 706 725 709 708 708 724 725 711 710 726 726 727 711 713 712 728 728 729 713 714 730 731 731 715 714 716 732 733 733 717 716 718 734 735 735 719 718 720 736 737 737 721 720 722 738 739 739 723 722 741 725 724 724 740 741 727 726 742 742 743 727 729 728 744 744 745 729 730 746 747 747 731 730 732 748 749 749 733 732 734 625 624 624 735 734 736 638 637 637 737 736 738 654 653 653 739 738 610 741 740 740 611 610 743 742 644 644 647 743 745 744 630 630 633 745 746 621 620 620 747 746 748 605 604 604 749 748 753 750 751 751 752 753 750 754 755 755 751 750 754 756 757 757 755 754 756 758 759 759 757 756 763 760 761 761 762 763 639 764 765 765 636 639 769 766 767 767 768 769 773 770 771 771 772 773 770 774 775 775 771 770 774 776 777 777 775 774 776 778 779 779 777 776 778 780 781 781 779 778 780 782 783 783 781 780 782 784 785 785 783 782 789 786 787 787 788 789 663 662 790 790 791 663 795 792 793 793 794 795 799 796 797 797 798 799 796 800 801 801 797 796 800 753 752 752 801 800 751 755 748 748 732 751 757 759 602 602 605 757 762 761 614 614 617 762 764 635 634 634 765 764 766 650 649 649 767 766 772 771 610 610 613 772 775 777 725 725 741 775 779 781 693 693 709 779 783 785 668 668 671 783 788 787 640 640 643 788 791 790 626 626 629 791 794 793 606 606 609 794 798 797 682 682 685 798 700 801 752 752 716 700 805 802 803 803 804 805 807 732 716 716 806 807 811 808 809 809 810 811 813 752 751 751 812 813 817 814 815 815 816 817 819 605 748 748 818 819 823 820 821 821 822 823 825 755 757 757 824 825 829 826 827 827 828 829 831 741 610 610 830 831 835 832 833 833 834 835 837 771 775 775 836 837 841 838 839 839 840 841 843 709 725 725 842 843 847 844 845 845 846 847 849 777 779 779 848 849 853 850 851 851 852 853 855 671 693 693 854 855 859 856 857 857 858 859 861 781 783 783 860 861 865 862 863 863 864 865 867 700 682 682 866 867 871 868 869 869 870 871 873 797 801 801 872 873 877 874 875 875 876 877 876 875 878 878 879 876 879 878 880 880 881 879 881 880 882 882 883 881 883 882 884 884 885 883 885 884 886 886 887 885 887 886 888 888 889 887 889 888 874 874 877 889 893 890 891 891 892 893 897 894 895 895 896 897 901 898 899 899 900 901 905 902 903 903 904 905 909 906 907 907 908 909 913 910 911 911 912 913 917 914 915 915 916 917 921 918 919 919 920 921 925 922 923 923 924 925 924 923 926 926 927 924 927 926 928 928 929 927 929 928 930 930 931 929 931 930 932 932 933 931 937 934 935 935 936 937 936 935 938 938 939 936 939 938 922 922 925 939 941 925 924 924 940 941 940 924 927 927 942 940 942 927 929 929 943 942 943 929 931 931 944 943 944 931 933 933 945 944 947 937 936 936 946 947 946 936 939 939 948 946 948 939 925 925 941 948 950 941 940 940 949 950 949 940 942 942 951 949 951 942 943 943 952 951 952 943 944 944 953 952 953 944 945 945 954 953 956 947 946 946 955 956 955 946 948 948 957 955 957 948 941 941 950 957 959 950 949 949 958 959 958 949 951 951 960 958 960 951 952 952 961 960 961 952 953 953 962 961 962 953 954 954 963 962 965 956 955 955 964 965 964 955 957 957 966 964 966 957 950 950 959 966 970 967 968 968 969 970 969 968 971 971 972 969 972 971 973 973 974 972 974 973 975 975 976 974 976 975 977 977 978 976 978 977 979 979 980 978 980 979 981 981 982 980 982 981 967 967 970 982 986 983 984 984 985 986 990 987 988 988 989 990 994 991 992 992 993 994 998 995 996 996 997 998 1002 999 1000 1000 1001 1002 1006 1003 1004 1004 1005 1006 1010 1007 1008 1008 1009 1010 1014 1011 1012 1012 1013 1014 1018 1015 1016 1016 1017 1018 1017 1016 1019 1019 1020 1017 1020 1019 1021 1021 1022 1020 1022 1021 1023 1023 1024 1022 1024 1023 1025 1025 1026 1024 1030 1027 1028 1028 1029 1030 1029 1028 1031 1031 1032 1029 1032 1031 1015 1015 1018 1032 1034 1018 1017 1017 1033 1034 1033 1017 1020 1020 1035 1033 1035 1020 1022 1022 1036 1035 1036 1022 1024 1024 1037 1036 1037 1024 1026 1026 1038 1037 1040 1030 1029 1029 1039 1040 1039 1029 1032 1032 1041 1039 1041 1032 1018 1018 1034 1041 1043 1034 1033 1033 1042 1043 1042 1033 1035 1035 1044 1042 1044 1035 1036 1036 1045 1044 1045 1036 1037 1037 1046 1045 1046 1037 1038 1038 1047 1046 1049 1040 1039 1039 1048 1049 1048 1039 1041 1041 1050 1048 1050 1041 1034 1034 1043 1050 960 1043 1042 1042 958 960 958 1042 1044 1044 959 958 959 1044 1045 1045 966 959 966 1045 1046 1046 964 966 964 1046 1047 1047 965 964 963 1049 1048 1048 962 963 962 1048 1050 1050 961 962 961 1050 1043 1043 960 961 1054 1051 1052 1052 1053 1054 1053 1052 1055 1055 1056 1053 1056 1055 1057 1057 1058 1056 1062 1059 1060 1060 1061 1062 1061 1060 1063 1063 1064 1061 1064 1063 1065 1065 1066 1064 1066 1065 1067 1067 1068 1066 1068 1067 1051 1051 1054 1068 1069 1070 1071 1072 1069 1071 1073 1072 1071 1074 1073 1071 1075 1074 1071 1076 1075 1071 1077 1076 1071 1070 1077 1071 1078 1079 1080 1079 1081 1080 1081 1082 1080 1082 1083 1080 1083 1084 1080 1084 1085 1080 1085 1086 1080 1086 1078 1080 1088 1054 1053 1053 1087 1088 1089 1068 1054 1054 1088 1089 1090 1066 1068 1068 1089 1090 1091 1064 1066 1066 1090 1091 1092 1061 1064 1064 1091 1092 1093 1062 1061 1061 1092 1093 1095 1056 1058 1058 1094 1095 1087 1053 1056 1056 1095 1087 1099 1096 1097 1097 1098 1099 1103 1100 1101 1101 1102 1103 1107 1104 1105 1105 1106 1107 1111 1108 1109 1109 1110 1111 1115 1112 1113 1113 1114 1115 1119 1116 1117 1117 1118 1119 1123 1120 1121 1121 1122 1123 1127 1124 1125 1125 1126 1127 1131 1128 1129 1129 1130 1131 1133 1132 1128 1128 1131 1133 1135 1134 1132 1132 1133 1135 1139 1136 1137 1137 1138 1139 1141 1140 1136 1136 1139 1141 1143 1142 1140 1140 1141 1143 1145 1144 1142 1142 1143 1145 1130 1129 1144 1144 1145 1130 1147 1131 1130 1130 1146 1147 1148 1133 1131 1131 1147 1148 1149 1135 1133 1133 1148 1149 1151 1139 1138 1138 1150 1151 1152 1141 1139 1139 1151 1152 1153 1143 1141 1141 1152 1153 1154 1145 1143 1143 1153 1154 1146 1130 1145 1145 1154 1146 1156 1147 1146 1146 1155 1156 1157 1148 1147 1147 1156 1157 1158 1149 1148 1148 1157 1158 1160 1151 1150 1150 1159 1160 1161 1152 1151 1151 1160 1161 1162 1153 1152 1152 1161 1162 1163 1154 1153 1153 1162 1163 1155 1146 1154 1154 1163 1155 1165 1156 1155 1155 1164 1165 1166 1157 1156 1156 1165 1166 1167 1158 1157 1157 1166 1167 1169 1160 1159 1159 1168 1169 1170 1161 1160 1160 1169 1170 1171 1162 1161 1161 1170 1171 1172 1163 1162 1162 1171 1172 1164 1155 1163 1163 1172 1164 1174 1165 1164 1164 1173 1174 1175 1166 1165 1165 1174 1175 1176 1167 1166 1166 1175 1176 1178 1169 1168 1168 1177 1178 1179 1170 1169 1169 1178 1179 1180 1171 1170 1170 1179 1180 1181 1172 1171 1171 1180 1181 1173 1164 1172 1172 1181 1173 1183 1174 1173 1173 1182 1183 1184 1175 1174 1174 1183 1184 1185 1176 1175 1175 1184 1185 1187 1178 1177 1177 1186 1187 1188 1179 1178 1178 1187 1188 1189 1180 1179 1179 1188 1189 1190 1181 1180 1180 1189 1190 1182 1173 1181 1181 1190 1182 1194 1191 1192 1192 1193 1194 1198 1195 1196 1196 1197 1198 1202 1199 1200 1200 1201 1202 1206 1203 1204 1204 1205 1206 1210 1207 1208 1208 1209 1210 1214 1211 1212 1212 1213 1214 1218 1215 1216 1216 1217 1218 1222 1219 1220 1220 1221 1222 1226 1223 1224 1224 1225 1226 1230 1227 1228 1228 1229 1230 1234 1231 1232 1232 1233 1234 1238 1235 1236 1236 1237 1238 1242 1239 1240 1240 1241 1242 1246 1243 1244 1244 1245 1246 1250 1247 1248 1248 1249 1250 1217 1216 1251 1251 1252 1217 1254 1221 1220 1220 1253 1254 1256 1225 1224 1224 1255 1256 1260 1257 1258 1258 1259 1260 1262 1261 1235 1235 1238 1262 1239 1263 1264 1264 1240 1239 1243 1265 1266 1266 1244 1243 1270 1267 1268 1268 1269 1270 1252 1251 1261 1261 1262 1252 1263 1254 1253 1253 1264 1263 1265 1256 1255 1255 1266 1265 1274 1271 1272 1272 1273 1274 1276 1213 1212 1212 1275 1276 1275 1212 1272 1272 1277 1275 1277 1272 1271 1271 1278 1277 1278 1271 1213 1213 1276 1278 1280 1274 1273 1273 1279 1280 1279 1273 1248 1248 1281 1279 1281 1248 1247 1247 1282 1281 1282 1247 1274 1274 1280 1282 1286 1283 1284 1284 1285 1286 1290 1287 1288 1288 1289 1290 1294 1291 1292 1292 1293 1294 1298 1295 1296 1296 1297 1298 1302 1299 1300 1300 1301 1302 1306 1303 1304 1304 1305 1306 1310 1307 1308 1308 1309 1310 1314 1311 1312 1312 1313 1314 1318 1315 1316 1316 1317 1318 1322 1319 1320 1320 1321 1322 1326 1323 1324 1324 1325 1326 1330 1327 1328 1328 1329 1330 1334 1331 1332 1332 1333 1334 1338 1335 1336 1336 1337 1338 1342 1339 1340 1340 1341 1342 1346 1343 1344 1344 1345 1346 1350 1347 1348 1348 1349 1350 1354 1351 1352 1352 1353 1354 </p>
        </polylist>
      </mesh>
    </geometry>
  </library_geometries>
  <library_visual_scenes>
    <visual_scene id="root" name="root">
      <node id="Armario_Escolar3" name="Armario_Escolar3">
        <matrix>1 0 0 0 0 1 0 0 0 0 1 0 0 0 0 1</matrix>
        <instance_geometry url="#meshId0">
          <bind_material>
            <technique_common>
              <instance_material symbol="defaultMaterial" target="#lambert10" />
            </technique_common>
          </bind_material>
        </instance_geometry>
      </node>
    </visual_scene>
  </library_visual_scenes>
  <scene>
    <instance_visual_scene url="#root" />
  </scene>
</COLLADA>
